date,week_start_date,date_label_raw,price_label_raw,price,frequency,product_name,market,unit,currency,series_name,source_name,source_dataset,source_url
2021-08-29,2021-08-23,23 al 29 de agosto de 2021,"$8.208,50",8208.5,weekly,cacao,colombia_reference_purchase_price,cop/kg,COP,colombia_cocoa_price_cop_kg,AgroNet / Ministerio de Agricultura y Desarrollo Rural,Precio de referencia semanal de compra de cacao,https://agronet.gov.co/noticias/precio-de-referencia-semanal-de-compra-de-cacao-fuente-industria-nacional-exportadores-0
2021-09-05,2021-08-30,30 de agosto al 05 de septiembre de 2021,"$8.185,30",8185.3,weekly,cacao,colombia_reference_purchase_price,cop/kg,COP,colombia_cocoa_price_cop_kg,AgroNet / Ministerio de Agricultura y Desarrollo Rural,Precio de referencia semanal de compra de cacao,https://agronet.gov.co/noticias/precio-de-referencia-semanal-de-compra-de-cacao-fuente-industria-nacional-exportadores-0
2021-09-12,2021-09-06,06 al 12 de septiembre de 2021,"$8.096,30",8096.3,weekly,cacao,colombia_reference_purchase_price,cop/kg,COP,colombia_cocoa_price_cop_kg,AgroNet / Ministerio de Agricultura y Desarrollo Rural,Precio de referencia semanal de compra de cacao,https://agronet.gov.co/noticias/precio-de-referencia-semanal-de-compra-de-cacao-fuente-industria-nacional-exportadores-0
2021-09-19,2021-09-13,13 al 19 de septiembre de 2021,"$8.289,50",8289.5,weekly,cacao,colombia_reference_purchase_price,cop/kg,COP,colombia_cocoa_price_cop_kg,AgroNet / Ministerio de Agricultura y Desarrollo Rural,Precio de referencia semanal de compra de cacao,https://agronet.gov.co/noticias/precio-de-referencia-semanal-de-compra-de-cacao-fuente-industria-nacional-exportadores-0
2021-09-26,2021-09-20,20 al 26 de septiembre de 2021,"$8.332,00",8332.0,weekly,cacao,colombia_reference_purchase_price,cop/kg,COP,colombia_cocoa_price_cop_kg,AgroNet / Ministerio de Agricultura y Desarrollo Rural,Precio de referencia semanal de compra de cacao,https://agronet.gov.co/noticias/precio-de-referencia-semanal-de-compra-de-cacao-fuente-industria-nacional-exportadores-0
2021-10-03,2021-09-27,27 de septiembre al 03 de octubre de 2021,"$8.339,50",8339.5,weekly,cacao,colombia_reference_purchase_price,cop/kg,COP,colombia_cocoa_price_cop_kg,AgroNet / Ministerio de Agricultura y Desarrollo Rural,Precio de referencia semanal de compra de cacao,https://agronet.gov.co/noticias/precio-de-referencia-semanal-de-compra-de-cacao-fuente-industria-nacional-exportadores-0
2021-10-10,2021-10-04,04 al 10 de octubre de 2021,"$8.504,00",8504.0,weekly,cacao,colombia_reference_purchase_price,cop/kg,COP,colombia_cocoa_price_cop_kg,AgroNet / Ministerio de Agricultura y Desarrollo Rural,Precio de referencia semanal de compra de cacao,https://agronet.gov.co/noticias/precio-de-referencia-semanal-de-compra-de-cacao-fuente-industria-nacional-exportadores-0
2021-10-17,2021-10-11,11 al 17 de octubre de 2021,"$8.782,00",8782.0,weekly,cacao,colombia_reference_purchase_price,cop/kg,COP,colombia_cocoa_price_cop_kg,AgroNet / Ministerio de Agricultura y Desarrollo Rural,Precio de referencia semanal de compra de cacao,https://agronet.gov.co/noticias/precio-de-referencia-semanal-de-compra-de-cacao-fuente-industria-nacional-exportadores-0
2021-10-24,2021-10-18,18 al 24 de octubre de 2021,"$8.512,20",8512.2,weekly,cacao,colombia_reference_purchase_price,cop/kg,COP,colombia_cocoa_price_cop_kg,AgroNet / Ministerio de Agricultura y Desarrollo Rural,Precio de referencia semanal de compra de cacao,https://agronet.gov.co/noticias/precio-de-referencia-semanal-de-compra-de-cacao-fuente-industria-nacional-exportadores-0
2021-10-31,2021-10-25,25 al 31 de octubre de 2021,"$8.299,50",8299.5,weekly,cacao,colombia_reference_purchase_price,cop/kg,COP,colombia_cocoa_price_cop_kg,AgroNet / Ministerio de Agricultura y Desarrollo Rural,Precio de referencia semanal de compra de cacao,https://agronet.gov.co/noticias/precio-de-referencia-semanal-de-compra-de-cacao-fuente-industria-nacional-exportadores-0
2021-11-07,2021-11-01,01 al 07 de noviembre de 2021,"$8.310,30",8310.3,weekly,cacao,colombia_reference_purchase_price,cop/kg,COP,colombia_cocoa_price_cop_kg,AgroNet / Ministerio de Agricultura y Desarrollo Rural,Precio de referencia semanal de compra de cacao,https://agronet.gov.co/noticias/precio-de-referencia-semanal-de-compra-de-cacao-fuente-industria-nacional-exportadores-0
2021-11-14,2021-11-08,08 al 14 de noviembre de 2021,"$7.937,70",7937.7,weekly,cacao,colombia_reference_purchase_price,cop/kg,COP,colombia_cocoa_price_cop_kg,AgroNet / Ministerio de Agricultura y Desarrollo Rural,Precio de referencia semanal de compra de cacao,https://agronet.gov.co/noticias/precio-de-referencia-semanal-de-compra-de-cacao-fuente-industria-nacional-exportadores-0
2021-11-21,2021-11-15,15 al 21 de noviembre de 2021,"$8.118,20",8118.2,weekly,cacao,colombia_reference_purchase_price,cop/kg,COP,colombia_cocoa_price_cop_kg,AgroNet / Ministerio de Agricultura y Desarrollo Rural,Precio de referencia semanal de compra de cacao,https://agronet.gov.co/noticias/precio-de-referencia-semanal-de-compra-de-cacao-fuente-industria-nacional-exportadores-0
2021-11-28,2021-11-22,22 al 28 de noviembre de 2021,"$8.396,00",8396.0,weekly,cacao,colombia_reference_purchase_price,cop/kg,COP,colombia_cocoa_price_cop_kg,AgroNet / Ministerio de Agricultura y Desarrollo Rural,Precio de referencia semanal de compra de cacao,https://agronet.gov.co/noticias/precio-de-referencia-semanal-de-compra-de-cacao-fuente-industria-nacional-exportadores-0
2021-12-05,2021-11-29,29 de noviembre al 05 de diciembre de 2021,"$8.411,80",8411.8,weekly,cacao,colombia_reference_purchase_price,cop/kg,COP,colombia_cocoa_price_cop_kg,AgroNet / Ministerio de Agricultura y Desarrollo Rural,Precio de referencia semanal de compra de cacao,https://agronet.gov.co/noticias/precio-de-referencia-semanal-de-compra-de-cacao-fuente-industria-nacional-exportadores-0
2021-12-12,2021-12-06,06 al 12 de diciembre de 2021,"$8.040,40",8040.4,weekly,cacao,colombia_reference_purchase_price,cop/kg,COP,colombia_cocoa_price_cop_kg,AgroNet / Ministerio de Agricultura y Desarrollo Rural,Precio de referencia semanal de compra de cacao,https://agronet.gov.co/noticias/precio-de-referencia-semanal-de-compra-de-cacao-fuente-industria-nacional-exportadores-0
2021-12-19,2021-12-13,13 al 19 de diciembre de 2021,"$8.175,30",8175.3,weekly,cacao,colombia_reference_purchase_price,cop/kg,COP,colombia_cocoa_price_cop_kg,AgroNet / Ministerio de Agricultura y Desarrollo Rural,Precio de referencia semanal de compra de cacao,https://agronet.gov.co/noticias/precio-de-referencia-semanal-de-compra-de-cacao-fuente-industria-nacional-exportadores-0
2021-12-26,2021-12-20,20 al 26 de diciembre de 2021,"$8.359,00",8359.0,weekly,cacao,colombia_reference_purchase_price,cop/kg,COP,colombia_cocoa_price_cop_kg,AgroNet / Ministerio de Agricultura y Desarrollo Rural,Precio de referencia semanal de compra de cacao,https://agronet.gov.co/noticias/precio-de-referencia-semanal-de-compra-de-cacao-fuente-industria-nacional-exportadores-0
2022-01-02,2021-12-27,27 de diciembre al 02 de enero de 2022,"$8.359,00",8359.0,weekly,cacao,colombia_reference_purchase_price,cop/kg,COP,colombia_cocoa_price_cop_kg,AgroNet / Ministerio de Agricultura y Desarrollo Rural,Precio de referencia semanal de compra de cacao,https://agronet.gov.co/noticias/precio-de-referencia-semanal-de-compra-de-cacao-fuente-industria-nacional-exportadores-0
2022-01-09,2022-01-03,03 al 09 de enero de 2022,"$8.408,50",8408.5,weekly,cacao,colombia_reference_purchase_price,cop/kg,COP,colombia_cocoa_price_cop_kg,AgroNet / Ministerio de Agricultura y Desarrollo Rural,Precio de referencia semanal de compra de cacao,https://agronet.gov.co/noticias/precio-de-referencia-semanal-de-compra-de-cacao-fuente-industria-nacional-exportadores-0
2022-01-16,2022-01-10,10 al 16 de enero de 2022,"$8.469,00",8469.0,weekly,cacao,colombia_reference_purchase_price,cop/kg,COP,colombia_cocoa_price_cop_kg,AgroNet / Ministerio de Agricultura y Desarrollo Rural,Precio de referencia semanal de compra de cacao,https://agronet.gov.co/noticias/precio-de-referencia-semanal-de-compra-de-cacao-fuente-industria-nacional-exportadores-0
2022-01-23,2022-01-17,17 al 23 de enero de 2022,"$8.654,50",8654.5,weekly,cacao,colombia_reference_purchase_price,cop/kg,COP,colombia_cocoa_price_cop_kg,AgroNet / Ministerio de Agricultura y Desarrollo Rural,Precio de referencia semanal de compra de cacao,https://agronet.gov.co/noticias/precio-de-referencia-semanal-de-compra-de-cacao-fuente-industria-nacional-exportadores-0
2022-01-30,2022-01-24,24 al 30 de enero de 2022,"$8.943,80",8943.8,weekly,cacao,colombia_reference_purchase_price,cop/kg,COP,colombia_cocoa_price_cop_kg,AgroNet / Ministerio de Agricultura y Desarrollo Rural,Precio de referencia semanal de compra de cacao,https://agronet.gov.co/noticias/precio-de-referencia-semanal-de-compra-de-cacao-fuente-industria-nacional-exportadores-0
2022-02-06,2022-01-31,31 de enero al 06 de febrero de 2022,"$8.664,00",8664.0,weekly,cacao,colombia_reference_purchase_price,cop/kg,COP,colombia_cocoa_price_cop_kg,AgroNet / Ministerio de Agricultura y Desarrollo Rural,Precio de referencia semanal de compra de cacao,https://agronet.gov.co/noticias/precio-de-referencia-semanal-de-compra-de-cacao-fuente-industria-nacional-exportadores-0
2022-02-13,2022-02-07,07 al 13 de febrero de 2022,"$8.814,00",8814.0,weekly,cacao,colombia_reference_purchase_price,cop/kg,COP,colombia_cocoa_price_cop_kg,AgroNet / Ministerio de Agricultura y Desarrollo Rural,Precio de referencia semanal de compra de cacao,https://agronet.gov.co/noticias/precio-de-referencia-semanal-de-compra-de-cacao-fuente-industria-nacional-exportadores-0
2022-02-20,2022-02-14,14 al 20 de febrero de 2022,"$9.153,50",9153.5,weekly,cacao,colombia_reference_purchase_price,cop/kg,COP,colombia_cocoa_price_cop_kg,AgroNet / Ministerio de Agricultura y Desarrollo Rural,Precio de referencia semanal de compra de cacao,https://agronet.gov.co/noticias/precio-de-referencia-semanal-de-compra-de-cacao-fuente-industria-nacional-exportadores-0
2022-02-27,2022-02-21,21 al 27 de febrero de 2022,"$9.028,20",9028.2,weekly,cacao,colombia_reference_purchase_price,cop/kg,COP,colombia_cocoa_price_cop_kg,AgroNet / Ministerio de Agricultura y Desarrollo Rural,Precio de referencia semanal de compra de cacao,https://agronet.gov.co/noticias/precio-de-referencia-semanal-de-compra-de-cacao-fuente-industria-nacional-exportadores-0
2022-03-06,2022-02-28,28 de febrero al 06 de marzo de 2022,"$8.955,30",8955.3,weekly,cacao,colombia_reference_purchase_price,cop/kg,COP,colombia_cocoa_price_cop_kg,AgroNet / Ministerio de Agricultura y Desarrollo Rural,Precio de referencia semanal de compra de cacao,https://agronet.gov.co/noticias/precio-de-referencia-semanal-de-compra-de-cacao-fuente-industria-nacional-exportadores-0
2022-03-13,2022-03-07,07 al 13 de marzo de 2022,"$8.562,00",8562.0,weekly,cacao,colombia_reference_purchase_price,cop/kg,COP,colombia_cocoa_price_cop_kg,AgroNet / Ministerio de Agricultura y Desarrollo Rural,Precio de referencia semanal de compra de cacao,https://agronet.gov.co/noticias/precio-de-referencia-semanal-de-compra-de-cacao-fuente-industria-nacional-exportadores-0
2022-03-20,2022-03-14,14 al 20 de marzo de 2022,"$8.696,20",8696.2,weekly,cacao,colombia_reference_purchase_price,cop/kg,COP,colombia_cocoa_price_cop_kg,AgroNet / Ministerio de Agricultura y Desarrollo Rural,Precio de referencia semanal de compra de cacao,https://agronet.gov.co/noticias/precio-de-referencia-semanal-de-compra-de-cacao-fuente-industria-nacional-exportadores-0
2022-03-27,2022-03-21,21 al 27 de marzo de 2022,"$8.527,70",8527.7,weekly,cacao,colombia_reference_purchase_price,cop/kg,COP,colombia_cocoa_price_cop_kg,AgroNet / Ministerio de Agricultura y Desarrollo Rural,Precio de referencia semanal de compra de cacao,https://agronet.gov.co/noticias/precio-de-referencia-semanal-de-compra-de-cacao-fuente-industria-nacional-exportadores-0
2022-04-03,2022-03-28,28 de marzo al 03 de abril de 2022,"$8.536,50",8536.5,weekly,cacao,colombia_reference_purchase_price,cop/kg,COP,colombia_cocoa_price_cop_kg,AgroNet / Ministerio de Agricultura y Desarrollo Rural,Precio de referencia semanal de compra de cacao,https://agronet.gov.co/noticias/precio-de-referencia-semanal-de-compra-de-cacao-fuente-industria-nacional-exportadores-0
2022-04-10,2022-04-04,04 al 10 de abril de 2022,"$8.543,00",8543.0,weekly,cacao,colombia_reference_purchase_price,cop/kg,COP,colombia_cocoa_price_cop_kg,AgroNet / Ministerio de Agricultura y Desarrollo Rural,Precio de referencia semanal de compra de cacao,https://agronet.gov.co/noticias/precio-de-referencia-semanal-de-compra-de-cacao-fuente-industria-nacional-exportadores-0
2022-04-17,2022-04-11,11 al 17 de abril de 2022,"$8.436,00",8436.0,weekly,cacao,colombia_reference_purchase_price,cop/kg,COP,colombia_cocoa_price_cop_kg,AgroNet / Ministerio de Agricultura y Desarrollo Rural,Precio de referencia semanal de compra de cacao,https://agronet.gov.co/noticias/precio-de-referencia-semanal-de-compra-de-cacao-fuente-industria-nacional-exportadores-0
2022-04-24,2022-04-18,18 al 24 de abril de 2022,"$8.436,00",8436.0,weekly,cacao,colombia_reference_purchase_price,cop/kg,COP,colombia_cocoa_price_cop_kg,AgroNet / Ministerio de Agricultura y Desarrollo Rural,Precio de referencia semanal de compra de cacao,https://agronet.gov.co/noticias/precio-de-referencia-semanal-de-compra-de-cacao-fuente-industria-nacional-exportadores-0
2022-05-01,2022-04-25,25 de abril al 01 de mayo de 2022,"$8.436,00",8436.0,weekly,cacao,colombia_reference_purchase_price,cop/kg,COP,colombia_cocoa_price_cop_kg,AgroNet / Ministerio de Agricultura y Desarrollo Rural,Precio de referencia semanal de compra de cacao,https://agronet.gov.co/noticias/precio-de-referencia-semanal-de-compra-de-cacao-fuente-industria-nacional-exportadores-0
2022-05-08,2022-05-02,02 al 08 de mayo de 2022,"$8.378,30",8378.3,weekly,cacao,colombia_reference_purchase_price,cop/kg,COP,colombia_cocoa_price_cop_kg,AgroNet / Ministerio de Agricultura y Desarrollo Rural,Precio de referencia semanal de compra de cacao,https://agronet.gov.co/noticias/precio-de-referencia-semanal-de-compra-de-cacao-fuente-industria-nacional-exportadores-0
2022-05-15,2022-05-09,09 al 15 de mayo de 2022,"$8.582,50",8582.5,weekly,cacao,colombia_reference_purchase_price,cop/kg,COP,colombia_cocoa_price_cop_kg,AgroNet / Ministerio de Agricultura y Desarrollo Rural,Precio de referencia semanal de compra de cacao,https://agronet.gov.co/noticias/precio-de-referencia-semanal-de-compra-de-cacao-fuente-industria-nacional-exportadores-0
2022-05-22,2022-05-16,16 al 22 de mayo de 2022,"$8.478,20",8478.2,weekly,cacao,colombia_reference_purchase_price,cop/kg,COP,colombia_cocoa_price_cop_kg,AgroNet / Ministerio de Agricultura y Desarrollo Rural,Precio de referencia semanal de compra de cacao,https://agronet.gov.co/noticias/precio-de-referencia-semanal-de-compra-de-cacao-fuente-industria-nacional-exportadores-0
2022-05-29,2022-05-23,23 al 29 de mayo de 2022,"$8.282,30",8282.3,weekly,cacao,colombia_reference_purchase_price,cop/kg,COP,colombia_cocoa_price_cop_kg,AgroNet / Ministerio de Agricultura y Desarrollo Rural,Precio de referencia semanal de compra de cacao,https://agronet.gov.co/noticias/precio-de-referencia-semanal-de-compra-de-cacao-fuente-industria-nacional-exportadores-0
2022-06-05,2022-05-30,30 de mayo al 05 de junio de 2022,"$8.006,70",8006.7,weekly,cacao,colombia_reference_purchase_price,cop/kg,COP,colombia_cocoa_price_cop_kg,AgroNet / Ministerio de Agricultura y Desarrollo Rural,Precio de referencia semanal de compra de cacao,https://agronet.gov.co/noticias/precio-de-referencia-semanal-de-compra-de-cacao-fuente-industria-nacional-exportadores-0
2022-06-12,2022-06-06,06 al 12 de junio de 2022,"$7.992,20",7992.2,weekly,cacao,colombia_reference_purchase_price,cop/kg,COP,colombia_cocoa_price_cop_kg,AgroNet / Ministerio de Agricultura y Desarrollo Rural,Precio de referencia semanal de compra de cacao,https://agronet.gov.co/noticias/precio-de-referencia-semanal-de-compra-de-cacao-fuente-industria-nacional-exportadores-0
2022-06-19,2022-06-13,13 al 19 de junio de 2022,"$7.916,20",7916.2,weekly,cacao,colombia_reference_purchase_price,cop/kg,COP,colombia_cocoa_price_cop_kg,AgroNet / Ministerio de Agricultura y Desarrollo Rural,Precio de referencia semanal de compra de cacao,https://agronet.gov.co/noticias/precio-de-referencia-semanal-de-compra-de-cacao-fuente-industria-nacional-exportadores-0
2022-06-26,2022-06-20,20 al 26 de junio de 2022,"$7.789,20",7789.2,weekly,cacao,colombia_reference_purchase_price,cop/kg,COP,colombia_cocoa_price_cop_kg,AgroNet / Ministerio de Agricultura y Desarrollo Rural,Precio de referencia semanal de compra de cacao,https://agronet.gov.co/noticias/precio-de-referencia-semanal-de-compra-de-cacao-fuente-industria-nacional-exportadores-0
2022-07-03,2022-06-27,27 de junio al 03 de julio de 2022,"$7.852,50",7852.5,weekly,cacao,colombia_reference_purchase_price,cop/kg,COP,colombia_cocoa_price_cop_kg,AgroNet / Ministerio de Agricultura y Desarrollo Rural,Precio de referencia semanal de compra de cacao,https://agronet.gov.co/noticias/precio-de-referencia-semanal-de-compra-de-cacao-fuente-industria-nacional-exportadores-0
2022-07-10,2022-07-04,04 al 10 de julio de 2022,"$7.885,80",7885.8,weekly,cacao,colombia_reference_purchase_price,cop/kg,COP,colombia_cocoa_price_cop_kg,AgroNet / Ministerio de Agricultura y Desarrollo Rural,Precio de referencia semanal de compra de cacao,https://agronet.gov.co/noticias/precio-de-referencia-semanal-de-compra-de-cacao-fuente-industria-nacional-exportadores-0
2022-07-17,2022-07-11,11 al 17 de julio de 2022,"$8.243,70",8243.7,weekly,cacao,colombia_reference_purchase_price,cop/kg,COP,colombia_cocoa_price_cop_kg,AgroNet / Ministerio de Agricultura y Desarrollo Rural,Precio de referencia semanal de compra de cacao,https://agronet.gov.co/noticias/precio-de-referencia-semanal-de-compra-de-cacao-fuente-industria-nacional-exportadores-0
2022-07-24,2022-07-18,18 al 24 de julio de 2022,"$8.563,30",8563.3,weekly,cacao,colombia_reference_purchase_price,cop/kg,COP,colombia_cocoa_price_cop_kg,AgroNet / Ministerio de Agricultura y Desarrollo Rural,Precio de referencia semanal de compra de cacao,https://agronet.gov.co/noticias/precio-de-referencia-semanal-de-compra-de-cacao-fuente-industria-nacional-exportadores-0
2022-07-31,2022-07-25,25 al 31 de julio de 2022,"$8.628,30",8628.3,weekly,cacao,colombia_reference_purchase_price,cop/kg,COP,colombia_cocoa_price_cop_kg,AgroNet / Ministerio de Agricultura y Desarrollo Rural,Precio de referencia semanal de compra de cacao,https://agronet.gov.co/noticias/precio-de-referencia-semanal-de-compra-de-cacao-fuente-industria-nacional-exportadores-0
2022-08-07,2022-08-01,01 al 07 de agosto de 2022,"$8.628,30",8628.3,weekly,cacao,colombia_reference_purchase_price,cop/kg,COP,colombia_cocoa_price_cop_kg,AgroNet / Ministerio de Agricultura y Desarrollo Rural,Precio de referencia semanal de compra de cacao,https://agronet.gov.co/noticias/precio-de-referencia-semanal-de-compra-de-cacao-fuente-industria-nacional-exportadores-0
2022-08-14,2022-08-08,08 al 14 de agosto de 2022,"$8.491,30",8491.3,weekly,cacao,colombia_reference_purchase_price,cop/kg,COP,colombia_cocoa_price_cop_kg,AgroNet / Ministerio de Agricultura y Desarrollo Rural,Precio de referencia semanal de compra de cacao,https://agronet.gov.co/noticias/precio-de-referencia-semanal-de-compra-de-cacao-fuente-industria-nacional-exportadores-0
2022-08-21,2022-08-15,15 al 21 de agosto de 2022,"$8.579,16",8579.16,weekly,cacao,colombia_reference_purchase_price,cop/kg,COP,colombia_cocoa_price_cop_kg,AgroNet / Ministerio de Agricultura y Desarrollo Rural,Precio de referencia semanal de compra de cacao,https://agronet.gov.co/noticias/precio-de-referencia-semanal-de-compra-de-cacao-fuente-industria-nacional-exportadores-0
2022-08-28,2022-08-22,22 al 28 de agosto de 2022,"$8.625,00",8625.0,weekly,cacao,colombia_reference_purchase_price,cop/kg,COP,colombia_cocoa_price_cop_kg,AgroNet / Ministerio de Agricultura y Desarrollo Rural,Precio de referencia semanal de compra de cacao,https://agronet.gov.co/noticias/precio-de-referencia-semanal-de-compra-de-cacao-fuente-industria-nacional-exportadores-0
2022-09-04,2022-08-29,29 de agosto al 04 de septiembre de 2022,"$8.699,20",8699.2,weekly,cacao,colombia_reference_purchase_price,cop/kg,COP,colombia_cocoa_price_cop_kg,AgroNet / Ministerio de Agricultura y Desarrollo Rural,Precio de referencia semanal de compra de cacao,https://agronet.gov.co/noticias/precio-de-referencia-semanal-de-compra-de-cacao-fuente-industria-nacional-exportadores-0
2022-09-11,2022-09-05,05 al 11 de septiembre de 2022,"$8.855,80",8855.8,weekly,cacao,colombia_reference_purchase_price,cop/kg,COP,colombia_cocoa_price_cop_kg,AgroNet / Ministerio de Agricultura y Desarrollo Rural,Precio de referencia semanal de compra de cacao,https://agronet.gov.co/noticias/precio-de-referencia-semanal-de-compra-de-cacao-fuente-industria-nacional-exportadores-0
2022-09-18,2022-09-12,12 al 18 de septiembre de 2022,"$8.815,80",8815.8,weekly,cacao,colombia_reference_purchase_price,cop/kg,COP,colombia_cocoa_price_cop_kg,AgroNet / Ministerio de Agricultura y Desarrollo Rural,Precio de referencia semanal de compra de cacao,https://agronet.gov.co/noticias/precio-de-referencia-semanal-de-compra-de-cacao-fuente-industria-nacional-exportadores-0
2022-09-25,2022-09-19,19 al 25 de septiembre de 2022,"$8.717,50",8717.5,weekly,cacao,colombia_reference_purchase_price,cop/kg,COP,colombia_cocoa_price_cop_kg,AgroNet / Ministerio de Agricultura y Desarrollo Rural,Precio de referencia semanal de compra de cacao,https://agronet.gov.co/noticias/precio-de-referencia-semanal-de-compra-de-cacao-fuente-industria-nacional-exportadores-0
2022-10-02,2022-09-26,26 de septiembre al 02 de octubre de 2022,"$8.662,50",8662.5,weekly,cacao,colombia_reference_purchase_price,cop/kg,COP,colombia_cocoa_price_cop_kg,AgroNet / Ministerio de Agricultura y Desarrollo Rural,Precio de referencia semanal de compra de cacao,https://agronet.gov.co/noticias/precio-de-referencia-semanal-de-compra-de-cacao-fuente-industria-nacional-exportadores-0
2022-10-09,2022-10-03,03 al 09 de octubre de 2022,"$8.811,66",8811.66,weekly,cacao,colombia_reference_purchase_price,cop/kg,COP,colombia_cocoa_price_cop_kg,AgroNet / Ministerio de Agricultura y Desarrollo Rural,Precio de referencia semanal de compra de cacao,https://agronet.gov.co/noticias/precio-de-referencia-semanal-de-compra-de-cacao-fuente-industria-nacional-exportadores-0
2022-10-16,2022-10-10,10 al 16 de octubre de 2022,"$8.985,00",8985.0,weekly,cacao,colombia_reference_purchase_price,cop/kg,COP,colombia_cocoa_price_cop_kg,AgroNet / Ministerio de Agricultura y Desarrollo Rural,Precio de referencia semanal de compra de cacao,https://agronet.gov.co/noticias/precio-de-referencia-semanal-de-compra-de-cacao-fuente-industria-nacional-exportadores-0
2022-10-23,2022-10-17,17 al 23 de octubre de 2022,"$9.008,30",9008.3,weekly,cacao,colombia_reference_purchase_price,cop/kg,COP,colombia_cocoa_price_cop_kg,AgroNet / Ministerio de Agricultura y Desarrollo Rural,Precio de referencia semanal de compra de cacao,https://agronet.gov.co/noticias/precio-de-referencia-semanal-de-compra-de-cacao-fuente-industria-nacional-exportadores-0
2022-10-30,2022-10-24,24 al 30 de octubre de 2022,"$9.258,50",9258.5,weekly,cacao,colombia_reference_purchase_price,cop/kg,COP,colombia_cocoa_price_cop_kg,AgroNet / Ministerio de Agricultura y Desarrollo Rural,Precio de referencia semanal de compra de cacao,https://agronet.gov.co/noticias/precio-de-referencia-semanal-de-compra-de-cacao-fuente-industria-nacional-exportadores-0
2022-11-06,2022-10-31,31 de octubre al 06 de noviembre de 2022,"$9.399,20",9399.2,weekly,cacao,colombia_reference_purchase_price,cop/kg,COP,colombia_cocoa_price_cop_kg,AgroNet / Ministerio de Agricultura y Desarrollo Rural,Precio de referencia semanal de compra de cacao,https://agronet.gov.co/noticias/precio-de-referencia-semanal-de-compra-de-cacao-fuente-industria-nacional-exportadores-0
2022-11-13,2022-11-07,07 al 13 de noviembre de 2022,"$9.647,50",9647.5,weekly,cacao,colombia_reference_purchase_price,cop/kg,COP,colombia_cocoa_price_cop_kg,AgroNet / Ministerio de Agricultura y Desarrollo Rural,Precio de referencia semanal de compra de cacao,https://agronet.gov.co/noticias/precio-de-referencia-semanal-de-compra-de-cacao-fuente-industria-nacional-exportadores-0
2022-11-20,2022-11-14,14 al 20 de noviembre de 2022,"$9.918,00",9918.0,weekly,cacao,colombia_reference_purchase_price,cop/kg,COP,colombia_cocoa_price_cop_kg,AgroNet / Ministerio de Agricultura y Desarrollo Rural,Precio de referencia semanal de compra de cacao,https://agronet.gov.co/noticias/precio-de-referencia-semanal-de-compra-de-cacao-fuente-industria-nacional-exportadores-0
2022-11-27,2022-11-21,21 al 27 de noviembre de 2022,"$10.008,30",10008.3,weekly,cacao,colombia_reference_purchase_price,cop/kg,COP,colombia_cocoa_price_cop_kg,AgroNet / Ministerio de Agricultura y Desarrollo Rural,Precio de referencia semanal de compra de cacao,https://agronet.gov.co/noticias/precio-de-referencia-semanal-de-compra-de-cacao-fuente-industria-nacional-exportadores-0
2022-12-04,2022-11-28,28 de noviembre al 04 de diciembre de 2022,"$9.966,70",9966.7,weekly,cacao,colombia_reference_purchase_price,cop/kg,COP,colombia_cocoa_price_cop_kg,AgroNet / Ministerio de Agricultura y Desarrollo Rural,Precio de referencia semanal de compra de cacao,https://agronet.gov.co/noticias/precio-de-referencia-semanal-de-compra-de-cacao-fuente-industria-nacional-exportadores-0
2022-12-11,2022-12-05,05 al 11 de diciembre de 2022,"$9.990,00",9990.0,weekly,cacao,colombia_reference_purchase_price,cop/kg,COP,colombia_cocoa_price_cop_kg,AgroNet / Ministerio de Agricultura y Desarrollo Rural,Precio de referencia semanal de compra de cacao,https://agronet.gov.co/noticias/precio-de-referencia-semanal-de-compra-de-cacao-fuente-industria-nacional-exportadores-0
2022-12-18,2022-12-12,12 al 18 de diciembre de 2022,"$9.996,30",9996.3,weekly,cacao,colombia_reference_purchase_price,cop/kg,COP,colombia_cocoa_price_cop_kg,AgroNet / Ministerio de Agricultura y Desarrollo Rural,Precio de referencia semanal de compra de cacao,https://agronet.gov.co/noticias/precio-de-referencia-semanal-de-compra-de-cacao-fuente-industria-nacional-exportadores-0
2022-12-25,2022-12-19,19 al 25 de diciembre de 2022,"$9.985,00",9985.0,weekly,cacao,colombia_reference_purchase_price,cop/kg,COP,colombia_cocoa_price_cop_kg,AgroNet / Ministerio de Agricultura y Desarrollo Rural,Precio de referencia semanal de compra de cacao,https://agronet.gov.co/noticias/precio-de-referencia-semanal-de-compra-de-cacao-fuente-industria-nacional-exportadores-0
2023-01-01,2022-12-26,26 de diciembre de 2022 al 01 de enero de 2023,"$10.095,00",10095.0,weekly,cacao,colombia_reference_purchase_price,cop/kg,COP,colombia_cocoa_price_cop_kg,AgroNet / Ministerio de Agricultura y Desarrollo Rural,Precio de referencia semanal de compra de cacao,https://agronet.gov.co/noticias/precio-de-referencia-semanal-de-compra-de-cacao-fuente-industria-nacional-exportadores-0
2023-01-08,2023-01-02,02 al 08 de enero de 2023,"$10.095,00",10095.0,weekly,cacao,colombia_reference_purchase_price,cop/kg,COP,colombia_cocoa_price_cop_kg,AgroNet / Ministerio de Agricultura y Desarrollo Rural,Precio de referencia semanal de compra de cacao,https://agronet.gov.co/noticias/precio-de-referencia-semanal-de-compra-de-cacao-fuente-industria-nacional-exportadores-0
2023-01-15,2023-01-09,09 al 15 de enero de 2023,"$10.462,20",10462.2,weekly,cacao,colombia_reference_purchase_price,cop/kg,COP,colombia_cocoa_price_cop_kg,AgroNet / Ministerio de Agricultura y Desarrollo Rural,Precio de referencia semanal de compra de cacao,https://agronet.gov.co/noticias/precio-de-referencia-semanal-de-compra-de-cacao-fuente-industria-nacional-exportadores-0
2023-01-22,2023-01-16,16 al 22 de enero de 2023,"$10.530,80",10530.8,weekly,cacao,colombia_reference_purchase_price,cop/kg,COP,colombia_cocoa_price_cop_kg,AgroNet / Ministerio de Agricultura y Desarrollo Rural,Precio de referencia semanal de compra de cacao,https://agronet.gov.co/noticias/precio-de-referencia-semanal-de-compra-de-cacao-fuente-industria-nacional-exportadores-0
2023-01-29,2023-01-23,23 al 29 de enero de 2023,"$10.530,80",10530.8,weekly,cacao,colombia_reference_purchase_price,cop/kg,COP,colombia_cocoa_price_cop_kg,AgroNet / Ministerio de Agricultura y Desarrollo Rural,Precio de referencia semanal de compra de cacao,https://agronet.gov.co/noticias/precio-de-referencia-semanal-de-compra-de-cacao-fuente-industria-nacional-exportadores-0
2023-02-05,2023-01-30,30 de enero al 05 de febrero de 2023,"$10.820,00",10820.0,weekly,cacao,colombia_reference_purchase_price,cop/kg,COP,colombia_cocoa_price_cop_kg,AgroNet / Ministerio de Agricultura y Desarrollo Rural,Precio de referencia semanal de compra de cacao,https://agronet.gov.co/noticias/precio-de-referencia-semanal-de-compra-de-cacao-fuente-industria-nacional-exportadores-0
2023-02-12,2023-02-06,06 al 12 de febrero de 2023,"$10.857,80",10857.8,weekly,cacao,colombia_reference_purchase_price,cop/kg,COP,colombia_cocoa_price_cop_kg,AgroNet / Ministerio de Agricultura y Desarrollo Rural,Precio de referencia semanal de compra de cacao,https://agronet.gov.co/noticias/precio-de-referencia-semanal-de-compra-de-cacao-fuente-industria-nacional-exportadores-0
2023-02-19,2023-02-13,13 al 19 de febrero de 2023,"$10.924,50",10924.5,weekly,cacao,colombia_reference_purchase_price,cop/kg,COP,colombia_cocoa_price_cop_kg,AgroNet / Ministerio de Agricultura y Desarrollo Rural,Precio de referencia semanal de compra de cacao,https://agronet.gov.co/noticias/precio-de-referencia-semanal-de-compra-de-cacao-fuente-industria-nacional-exportadores-0
2023-02-26,2023-02-20,20 al 26 de febrero de 2023,"$11.246,70",11246.7,weekly,cacao,colombia_reference_purchase_price,cop/kg,COP,colombia_cocoa_price_cop_kg,AgroNet / Ministerio de Agricultura y Desarrollo Rural,Precio de referencia semanal de compra de cacao,https://agronet.gov.co/noticias/precio-de-referencia-semanal-de-compra-de-cacao-fuente-industria-nacional-exportadores-0
2023-03-05,2023-02-27,27 de febrero al 05 de marzo de 2023,"$11.559,70",11559.7,weekly,cacao,colombia_reference_purchase_price,cop/kg,COP,colombia_cocoa_price_cop_kg,AgroNet / Ministerio de Agricultura y Desarrollo Rural,Precio de referencia semanal de compra de cacao,https://agronet.gov.co/noticias/precio-de-referencia-semanal-de-compra-de-cacao-fuente-industria-nacional-exportadores-0
2023-03-12,2023-03-06,06 al 12 de marzo de 2023,"$11.867,50",11867.5,weekly,cacao,colombia_reference_purchase_price,cop/kg,COP,colombia_cocoa_price_cop_kg,AgroNet / Ministerio de Agricultura y Desarrollo Rural,Precio de referencia semanal de compra de cacao,https://agronet.gov.co/noticias/precio-de-referencia-semanal-de-compra-de-cacao-fuente-industria-nacional-exportadores-0
2023-03-19,2023-03-13,13 al 19 de marzo de 2023,"$11.748,30",11748.3,weekly,cacao,colombia_reference_purchase_price,cop/kg,COP,colombia_cocoa_price_cop_kg,AgroNet / Ministerio de Agricultura y Desarrollo Rural,Precio de referencia semanal de compra de cacao,https://agronet.gov.co/noticias/precio-de-referencia-semanal-de-compra-de-cacao-fuente-industria-nacional-exportadores-0
2023-03-26,2023-03-20,20 al 26 de marzo de 2023,"$11.576,70",11576.7,weekly,cacao,colombia_reference_purchase_price,cop/kg,COP,colombia_cocoa_price_cop_kg,AgroNet / Ministerio de Agricultura y Desarrollo Rural,Precio de referencia semanal de compra de cacao,https://agronet.gov.co/noticias/precio-de-referencia-semanal-de-compra-de-cacao-fuente-industria-nacional-exportadores-0
2023-04-02,2023-03-27,27 de marzo al 02 de abril de 2023,"$11.691,70",11691.7,weekly,cacao,colombia_reference_purchase_price,cop/kg,COP,colombia_cocoa_price_cop_kg,AgroNet / Ministerio de Agricultura y Desarrollo Rural,Precio de referencia semanal de compra de cacao,https://agronet.gov.co/noticias/precio-de-referencia-semanal-de-compra-de-cacao-fuente-industria-nacional-exportadores-0
2023-04-09,2023-04-03,03 al 09 de abril de 2023,"$11.640,00",11640.0,weekly,cacao,colombia_reference_purchase_price,cop/kg,COP,colombia_cocoa_price_cop_kg,AgroNet / Ministerio de Agricultura y Desarrollo Rural,Precio de referencia semanal de compra de cacao,https://agronet.gov.co/noticias/precio-de-referencia-semanal-de-compra-de-cacao-fuente-industria-nacional-exportadores-0
2023-04-16,2023-04-10,10 al 16 de abril de 2023,"$11.641,70",11641.7,weekly,cacao,colombia_reference_purchase_price,cop/kg,COP,colombia_cocoa_price_cop_kg,AgroNet / Ministerio de Agricultura y Desarrollo Rural,Precio de referencia semanal de compra de cacao,https://agronet.gov.co/noticias/precio-de-referencia-semanal-de-compra-de-cacao-fuente-industria-nacional-exportadores-0
2023-04-23,2023-04-17,17 al 23 de abril de 2023,"$11.552,00",11552.0,weekly,cacao,colombia_reference_purchase_price,cop/kg,COP,colombia_cocoa_price_cop_kg,AgroNet / Ministerio de Agricultura y Desarrollo Rural,Precio de referencia semanal de compra de cacao,https://agronet.gov.co/noticias/precio-de-referencia-semanal-de-compra-de-cacao-fuente-industria-nacional-exportadores-0
2023-04-30,2023-04-24,24 al 30 de abril de 2023,"$11.618,70",11618.7,weekly,cacao,colombia_reference_purchase_price,cop/kg,COP,colombia_cocoa_price_cop_kg,AgroNet / Ministerio de Agricultura y Desarrollo Rural,Precio de referencia semanal de compra de cacao,https://agronet.gov.co/noticias/precio-de-referencia-semanal-de-compra-de-cacao-fuente-industria-nacional-exportadores-0
2023-05-07,2023-05-01,01 al 07 de mayo de 2023,"$11.688,30",11688.3,weekly,cacao,colombia_reference_purchase_price,cop/kg,COP,colombia_cocoa_price_cop_kg,AgroNet / Ministerio de Agricultura y Desarrollo Rural,Precio de referencia semanal de compra de cacao,https://agronet.gov.co/noticias/precio-de-referencia-semanal-de-compra-de-cacao-fuente-industria-nacional-exportadores-0
2023-05-14,2023-05-08,08 al 14 de mayo de 2023,"$11.858,30",11858.3,weekly,cacao,colombia_reference_purchase_price,cop/kg,COP,colombia_cocoa_price_cop_kg,AgroNet / Ministerio de Agricultura y Desarrollo Rural,Precio de referencia semanal de compra de cacao,https://agronet.gov.co/noticias/precio-de-referencia-semanal-de-compra-de-cacao-fuente-industria-nacional-exportadores-0
2023-05-21,2023-05-15,15 al 21 de mayo de 2023,"$11.925,00",11925.0,weekly,cacao,colombia_reference_purchase_price,cop/kg,COP,colombia_cocoa_price_cop_kg,AgroNet / Ministerio de Agricultura y Desarrollo Rural,Precio de referencia semanal de compra de cacao,https://agronet.gov.co/noticias/precio-de-referencia-semanal-de-compra-de-cacao-fuente-industria-nacional-exportadores-0
2023-05-28,2023-05-22,22 al 28 de mayo de 2023,"$12.075,00",12075.0,weekly,cacao,colombia_reference_purchase_price,cop/kg,COP,colombia_cocoa_price_cop_kg,AgroNet / Ministerio de Agricultura y Desarrollo Rural,Precio de referencia semanal de compra de cacao,https://agronet.gov.co/noticias/precio-de-referencia-semanal-de-compra-de-cacao-fuente-industria-nacional-exportadores-0
2023-06-04,2023-05-29,29 de mayo al 04 de junio de 2023,"$12.207,50",12207.5,weekly,cacao,colombia_reference_purchase_price,cop/kg,COP,colombia_cocoa_price_cop_kg,AgroNet / Ministerio de Agricultura y Desarrollo Rural,Precio de referencia semanal de compra de cacao,https://agronet.gov.co/noticias/precio-de-referencia-semanal-de-compra-de-cacao-fuente-industria-nacional-exportadores-0
2023-06-11,2023-06-05,05 al 11 de junio de 2023,"$12.187,70",12187.7,weekly,cacao,colombia_reference_purchase_price,cop/kg,COP,colombia_cocoa_price_cop_kg,AgroNet / Ministerio de Agricultura y Desarrollo Rural,Precio de referencia semanal de compra de cacao,https://agronet.gov.co/noticias/precio-de-referencia-semanal-de-compra-de-cacao-fuente-industria-nacional-exportadores-0
2023-06-18,2023-06-12,12 al 18 de junio de 2023,"$11.929,20",11929.2,weekly,cacao,colombia_reference_purchase_price,cop/kg,COP,colombia_cocoa_price_cop_kg,AgroNet / Ministerio de Agricultura y Desarrollo Rural,Precio de referencia semanal de compra de cacao,https://agronet.gov.co/noticias/precio-de-referencia-semanal-de-compra-de-cacao-fuente-industria-nacional-exportadores-0
2023-06-25,2023-06-19,19 al 25 de junio de 2023,"$11.926,50",11926.5,weekly,cacao,colombia_reference_purchase_price,cop/kg,COP,colombia_cocoa_price_cop_kg,AgroNet / Ministerio de Agricultura y Desarrollo Rural,Precio de referencia semanal de compra de cacao,https://agronet.gov.co/noticias/precio-de-referencia-semanal-de-compra-de-cacao-fuente-industria-nacional-exportadores-0
2023-07-02,2023-06-26,26 de junio al 02 de julio de 2023,"$11.900,80",11900.8,weekly,cacao,colombia_reference_purchase_price,cop/kg,COP,colombia_cocoa_price_cop_kg,AgroNet / Ministerio de Agricultura y Desarrollo Rural,Precio de referencia semanal de compra de cacao,https://agronet.gov.co/noticias/precio-de-referencia-semanal-de-compra-de-cacao-fuente-industria-nacional-exportadores-0
2023-07-09,2023-07-03,03 al 09 de julio de 2023,"$12.015,00",12015.0,weekly,cacao,colombia_reference_purchase_price,cop/kg,COP,colombia_cocoa_price_cop_kg,AgroNet / Ministerio de Agricultura y Desarrollo Rural,Precio de referencia semanal de compra de cacao,https://agronet.gov.co/noticias/precio-de-referencia-semanal-de-compra-de-cacao-fuente-industria-nacional-exportadores-0
2023-07-16,2023-07-10,10 al 16 de julio de 2023,"$12.234,20",12234.2,weekly,cacao,colombia_reference_purchase_price,cop/kg,COP,colombia_cocoa_price_cop_kg,AgroNet / Ministerio de Agricultura y Desarrollo Rural,Precio de referencia semanal de compra de cacao,https://agronet.gov.co/noticias/precio-de-referencia-semanal-de-compra-de-cacao-fuente-industria-nacional-exportadores-0
2023-07-23,2023-07-17,17 al 23 de julio de 2023,"$12.335,00",12335.0,weekly,cacao,colombia_reference_purchase_price,cop/kg,COP,colombia_cocoa_price_cop_kg,AgroNet / Ministerio de Agricultura y Desarrollo Rural,Precio de referencia semanal de compra de cacao,https://agronet.gov.co/noticias/precio-de-referencia-semanal-de-compra-de-cacao-fuente-industria-nacional-exportadores-0
2023-07-30,2023-07-24,24 al 30 de julio de 2023,"$12.300,00",12300.0,weekly,cacao,colombia_reference_purchase_price,cop/kg,COP,colombia_cocoa_price_cop_kg,AgroNet / Ministerio de Agricultura y Desarrollo Rural,Precio de referencia semanal de compra de cacao,https://agronet.gov.co/noticias/precio-de-referencia-semanal-de-compra-de-cacao-fuente-industria-nacional-exportadores-0
2023-08-06,2023-07-31,31 de julio al 06 de agosto de 2023,"$12.400,00",12400.0,weekly,cacao,colombia_reference_purchase_price,cop/kg,COP,colombia_cocoa_price_cop_kg,AgroNet / Ministerio de Agricultura y Desarrollo Rural,Precio de referencia semanal de compra de cacao,https://agronet.gov.co/noticias/precio-de-referencia-semanal-de-compra-de-cacao-fuente-industria-nacional-exportadores-0
2023-08-13,2023-08-07,07 al 13 de agosto de 2023,"$12.449,70",12449.7,weekly,cacao,colombia_reference_purchase_price,cop/kg,COP,colombia_cocoa_price_cop_kg,AgroNet / Ministerio de Agricultura y Desarrollo Rural,Precio de referencia semanal de compra de cacao,https://agronet.gov.co/noticias/precio-de-referencia-semanal-de-compra-de-cacao-fuente-industria-nacional-exportadores-0
2023-08-20,2023-08-14,14 al 20 de agosto de 2023,"$12.140,00",12140.0,weekly,cacao,colombia_reference_purchase_price,cop/kg,COP,colombia_cocoa_price_cop_kg,AgroNet / Ministerio de Agricultura y Desarrollo Rural,Precio de referencia semanal de compra de cacao,https://agronet.gov.co/noticias/precio-de-referencia-semanal-de-compra-de-cacao-fuente-industria-nacional-exportadores-0
2023-08-27,2023-08-21,21 al 27 de agosto de 2023,"$12.106,70",12106.7,weekly,cacao,colombia_reference_purchase_price,cop/kg,COP,colombia_cocoa_price_cop_kg,AgroNet / Ministerio de Agricultura y Desarrollo Rural,Precio de referencia semanal de compra de cacao,https://agronet.gov.co/noticias/precio-de-referencia-semanal-de-compra-de-cacao-fuente-industria-nacional-exportadores-0
2023-09-03,2023-08-28,28 de agosto al 3 de septiembre de 2023,"$12.140,20",12140.2,weekly,cacao,colombia_reference_purchase_price,cop/kg,COP,colombia_cocoa_price_cop_kg,AgroNet / Ministerio de Agricultura y Desarrollo Rural,Precio de referencia semanal de compra de cacao,https://agronet.gov.co/noticias/precio-de-referencia-semanal-de-compra-de-cacao-fuente-industria-nacional-exportadores-0
2023-09-10,2023-09-04,04 al 10 de septiembre de 2023,"$12.172,50",12172.5,weekly,cacao,colombia_reference_purchase_price,cop/kg,COP,colombia_cocoa_price_cop_kg,AgroNet / Ministerio de Agricultura y Desarrollo Rural,Precio de referencia semanal de compra de cacao,https://agronet.gov.co/noticias/precio-de-referencia-semanal-de-compra-de-cacao-fuente-industria-nacional-exportadores-0
2023-09-17,2023-09-11,11 al 17 de septiembre de 2023,"$12.462,20",12462.2,weekly,cacao,colombia_reference_purchase_price,cop/kg,COP,colombia_cocoa_price_cop_kg,AgroNet / Ministerio de Agricultura y Desarrollo Rural,Precio de referencia semanal de compra de cacao,https://agronet.gov.co/noticias/precio-de-referencia-semanal-de-compra-de-cacao-fuente-industria-nacional-exportadores-0
2023-09-24,2023-09-18,18 al 24 de septiembre de 2023,"$12.506,70",12506.7,weekly,cacao,colombia_reference_purchase_price,cop/kg,COP,colombia_cocoa_price_cop_kg,AgroNet / Ministerio de Agricultura y Desarrollo Rural,Precio de referencia semanal de compra de cacao,https://agronet.gov.co/noticias/precio-de-referencia-semanal-de-compra-de-cacao-fuente-industria-nacional-exportadores-0
2023-10-01,2023-09-25,25 de septiembre al 01 de octubre de 2023,"$12.396,80",12396.8,weekly,cacao,colombia_reference_purchase_price,cop/kg,COP,colombia_cocoa_price_cop_kg,AgroNet / Ministerio de Agricultura y Desarrollo Rural,Precio de referencia semanal de compra de cacao,https://agronet.gov.co/noticias/precio-de-referencia-semanal-de-compra-de-cacao-fuente-industria-nacional-exportadores-0
2023-10-08,2023-10-02,02 al 08 de octubre de 2023,$12.335.00,12335.0,weekly,cacao,colombia_reference_purchase_price,cop/kg,COP,colombia_cocoa_price_cop_kg,AgroNet / Ministerio de Agricultura y Desarrollo Rural,Precio de referencia semanal de compra de cacao,https://agronet.gov.co/noticias/precio-de-referencia-semanal-de-compra-de-cacao-fuente-industria-nacional-exportadores-0
2023-10-15,2023-10-09,09 al 15 de octubre de 2023,$12.449.20,12449.2,weekly,cacao,colombia_reference_purchase_price,cop/kg,COP,colombia_cocoa_price_cop_kg,AgroNet / Ministerio de Agricultura y Desarrollo Rural,Precio de referencia semanal de compra de cacao,https://agronet.gov.co/noticias/precio-de-referencia-semanal-de-compra-de-cacao-fuente-industria-nacional-exportadores-0
2023-10-22,2023-10-16,16 al 22 de octubre de 2023,$12.613.30,12613.3,weekly,cacao,colombia_reference_purchase_price,cop/kg,COP,colombia_cocoa_price_cop_kg,AgroNet / Ministerio de Agricultura y Desarrollo Rural,Precio de referencia semanal de compra de cacao,https://agronet.gov.co/noticias/precio-de-referencia-semanal-de-compra-de-cacao-fuente-industria-nacional-exportadores-0
2023-10-29,2023-10-23,23 al 29 de octubre de 2023,$12.889.17,12889.17,weekly,cacao,colombia_reference_purchase_price,cop/kg,COP,colombia_cocoa_price_cop_kg,AgroNet / Ministerio de Agricultura y Desarrollo Rural,Precio de referencia semanal de compra de cacao,https://agronet.gov.co/noticias/precio-de-referencia-semanal-de-compra-de-cacao-fuente-industria-nacional-exportadores-0
2023-11-05,2023-10-30,30 de octubre al 05 de noviembre de 2023,$13.166.70,13166.7,weekly,cacao,colombia_reference_purchase_price,cop/kg,COP,colombia_cocoa_price_cop_kg,AgroNet / Ministerio de Agricultura y Desarrollo Rural,Precio de referencia semanal de compra de cacao,https://agronet.gov.co/noticias/precio-de-referencia-semanal-de-compra-de-cacao-fuente-industria-nacional-exportadores-0
2023-11-12,2023-11-06,06 al 12 de noviembre de 2023,$13.337.30,13337.3,weekly,cacao,colombia_reference_purchase_price,cop/kg,COP,colombia_cocoa_price_cop_kg,AgroNet / Ministerio de Agricultura y Desarrollo Rural,Precio de referencia semanal de compra de cacao,https://agronet.gov.co/noticias/precio-de-referencia-semanal-de-compra-de-cacao-fuente-industria-nacional-exportadores-0
2023-11-19,2023-11-13,13 al 19 de noviembre de 2023,$13.531.70,13531.7,weekly,cacao,colombia_reference_purchase_price,cop/kg,COP,colombia_cocoa_price_cop_kg,AgroNet / Ministerio de Agricultura y Desarrollo Rural,Precio de referencia semanal de compra de cacao,https://agronet.gov.co/noticias/precio-de-referencia-semanal-de-compra-de-cacao-fuente-industria-nacional-exportadores-0
2023-11-26,2023-11-20,20 al 26 de noviembre de 2023,$13.657.50,13657.5,weekly,cacao,colombia_reference_purchase_price,cop/kg,COP,colombia_cocoa_price_cop_kg,AgroNet / Ministerio de Agricultura y Desarrollo Rural,Precio de referencia semanal de compra de cacao,https://agronet.gov.co/noticias/precio-de-referencia-semanal-de-compra-de-cacao-fuente-industria-nacional-exportadores-0
2023-12-03,2023-11-27,27 de noviembre al 03 de diciembre de 2023,$14.038.30,14038.3,weekly,cacao,colombia_reference_purchase_price,cop/kg,COP,colombia_cocoa_price_cop_kg,AgroNet / Ministerio de Agricultura y Desarrollo Rural,Precio de referencia semanal de compra de cacao,https://agronet.gov.co/noticias/precio-de-referencia-semanal-de-compra-de-cacao-fuente-industria-nacional-exportadores-0
2023-12-10,2023-12-04,04 al 10 de diciembre de 2023,$14.154.60,14154.6,weekly,cacao,colombia_reference_purchase_price,cop/kg,COP,colombia_cocoa_price_cop_kg,AgroNet / Ministerio de Agricultura y Desarrollo Rural,Precio de referencia semanal de compra de cacao,https://agronet.gov.co/noticias/precio-de-referencia-semanal-de-compra-de-cacao-fuente-industria-nacional-exportadores-0
2023-12-17,2023-12-11,11 al 17 de diciembre de 2023,$14.161.70,14161.7,weekly,cacao,colombia_reference_purchase_price,cop/kg,COP,colombia_cocoa_price_cop_kg,AgroNet / Ministerio de Agricultura y Desarrollo Rural,Precio de referencia semanal de compra de cacao,https://agronet.gov.co/noticias/precio-de-referencia-semanal-de-compra-de-cacao-fuente-industria-nacional-exportadores-0
2023-12-24,2023-12-18,18 al 24 de diciembre de 2023,$14.261.70,14261.7,weekly,cacao,colombia_reference_purchase_price,cop/kg,COP,colombia_cocoa_price_cop_kg,AgroNet / Ministerio de Agricultura y Desarrollo Rural,Precio de referencia semanal de compra de cacao,https://agronet.gov.co/noticias/precio-de-referencia-semanal-de-compra-de-cacao-fuente-industria-nacional-exportadores-0
2023-12-31,2023-12-25,25 al 31 de diciembre de 2023,$14.271.70,14271.7,weekly,cacao,colombia_reference_purchase_price,cop/kg,COP,colombia_cocoa_price_cop_kg,AgroNet / Ministerio de Agricultura y Desarrollo Rural,Precio de referencia semanal de compra de cacao,https://agronet.gov.co/noticias/precio-de-referencia-semanal-de-compra-de-cacao-fuente-industria-nacional-exportadores-0
2024-01-07,2024-01-01,01 al 07 de enero de 2024,$14.271.70,14271.7,weekly,cacao,colombia_reference_purchase_price,cop/kg,COP,colombia_cocoa_price_cop_kg,AgroNet / Ministerio de Agricultura y Desarrollo Rural,Precio de referencia semanal de compra de cacao,https://agronet.gov.co/noticias/precio-de-referencia-semanal-de-compra-de-cacao-fuente-industria-nacional-exportadores-0
2024-01-14,2024-01-08,08 al 14 de enero de 2024,$14.223.30,14223.3,weekly,cacao,colombia_reference_purchase_price,cop/kg,COP,colombia_cocoa_price_cop_kg,AgroNet / Ministerio de Agricultura y Desarrollo Rural,Precio de referencia semanal de compra de cacao,https://agronet.gov.co/noticias/precio-de-referencia-semanal-de-compra-de-cacao-fuente-industria-nacional-exportadores-0
2024-01-21,2024-01-15,15 al 21 de enero de 2024,$14.086.30,14086.3,weekly,cacao,colombia_reference_purchase_price,cop/kg,COP,colombia_cocoa_price_cop_kg,AgroNet / Ministerio de Agricultura y Desarrollo Rural,Precio de referencia semanal de compra de cacao,https://agronet.gov.co/noticias/precio-de-referencia-semanal-de-compra-de-cacao-fuente-industria-nacional-exportadores-0
2024-01-28,2024-01-22,22 al 28 de enero de 2024,$14.329.20,14329.2,weekly,cacao,colombia_reference_purchase_price,cop/kg,COP,colombia_cocoa_price_cop_kg,AgroNet / Ministerio de Agricultura y Desarrollo Rural,Precio de referencia semanal de compra de cacao,https://agronet.gov.co/noticias/precio-de-referencia-semanal-de-compra-de-cacao-fuente-industria-nacional-exportadores-0
2024-02-04,2024-01-29,29 de enero al 04 de febrero de 2024,$14.530.80,14530.8,weekly,cacao,colombia_reference_purchase_price,cop/kg,COP,colombia_cocoa_price_cop_kg,AgroNet / Ministerio de Agricultura y Desarrollo Rural,Precio de referencia semanal de compra de cacao,https://agronet.gov.co/noticias/precio-de-referencia-semanal-de-compra-de-cacao-fuente-industria-nacional-exportadores-0
2024-02-11,2024-02-05,05 al 11 de febrero de 2024,$14.765.80,14765.8,weekly,cacao,colombia_reference_purchase_price,cop/kg,COP,colombia_cocoa_price_cop_kg,AgroNet / Ministerio de Agricultura y Desarrollo Rural,Precio de referencia semanal de compra de cacao,https://agronet.gov.co/noticias/precio-de-referencia-semanal-de-compra-de-cacao-fuente-industria-nacional-exportadores-0
2024-02-18,2024-02-12,12 al 18 de febrero de 2024,$15.369.80,15369.8,weekly,cacao,colombia_reference_purchase_price,cop/kg,COP,colombia_cocoa_price_cop_kg,AgroNet / Ministerio de Agricultura y Desarrollo Rural,Precio de referencia semanal de compra de cacao,https://agronet.gov.co/noticias/precio-de-referencia-semanal-de-compra-de-cacao-fuente-industria-nacional-exportadores-0
2024-02-25,2024-02-19,19 al 25 de febrero de 2024,$16.606.70,16606.7,weekly,cacao,colombia_reference_purchase_price,cop/kg,COP,colombia_cocoa_price_cop_kg,AgroNet / Ministerio de Agricultura y Desarrollo Rural,Precio de referencia semanal de compra de cacao,https://agronet.gov.co/noticias/precio-de-referencia-semanal-de-compra-de-cacao-fuente-industria-nacional-exportadores-0
2024-03-03,2024-02-26,26 de febrero al 03 de marzo de 2024,$17.217.30,17217.3,weekly,cacao,colombia_reference_purchase_price,cop/kg,COP,colombia_cocoa_price_cop_kg,AgroNet / Ministerio de Agricultura y Desarrollo Rural,Precio de referencia semanal de compra de cacao,https://agronet.gov.co/noticias/precio-de-referencia-semanal-de-compra-de-cacao-fuente-industria-nacional-exportadores-0
2024-03-10,2024-03-04,04 al 10 de marzo de 2024,$17.846.30,17846.3,weekly,cacao,colombia_reference_purchase_price,cop/kg,COP,colombia_cocoa_price_cop_kg,AgroNet / Ministerio de Agricultura y Desarrollo Rural,Precio de referencia semanal de compra de cacao,https://agronet.gov.co/noticias/precio-de-referencia-semanal-de-compra-de-cacao-fuente-industria-nacional-exportadores-0
2024-03-17,2024-03-11,11 al 17 de marzo de 2024,$18.881.70,18881.7,weekly,cacao,colombia_reference_purchase_price,cop/kg,COP,colombia_cocoa_price_cop_kg,AgroNet / Ministerio de Agricultura y Desarrollo Rural,Precio de referencia semanal de compra de cacao,https://agronet.gov.co/noticias/precio-de-referencia-semanal-de-compra-de-cacao-fuente-industria-nacional-exportadores-0
2024-03-24,2024-03-18,18 al 24 de marzo de 2024,$22.421.720,22421.72,weekly,cacao,colombia_reference_purchase_price,cop/kg,COP,colombia_cocoa_price_cop_kg,AgroNet / Ministerio de Agricultura y Desarrollo Rural,Precio de referencia semanal de compra de cacao,https://agronet.gov.co/noticias/precio-de-referencia-semanal-de-compra-de-cacao-fuente-industria-nacional-exportadores-0
2024-03-31,2024-03-25,25 al 31 de marzo de 2024,$26.609.70,26609.7,weekly,cacao,colombia_reference_purchase_price,cop/kg,COP,colombia_cocoa_price_cop_kg,AgroNet / Ministerio de Agricultura y Desarrollo Rural,Precio de referencia semanal de compra de cacao,https://agronet.gov.co/noticias/precio-de-referencia-semanal-de-compra-de-cacao-fuente-industria-nacional-exportadores-0
2024-04-07,2024-04-01,01 al 07 de abril de 2024,$30.037.70,30037.7,weekly,cacao,colombia_reference_purchase_price,cop/kg,COP,colombia_cocoa_price_cop_kg,AgroNet / Ministerio de Agricultura y Desarrollo Rural,Precio de referencia semanal de compra de cacao,https://agronet.gov.co/noticias/precio-de-referencia-semanal-de-compra-de-cacao-fuente-industria-nacional-exportadores-0
2024-04-14,2024-04-08,08 al 14 de abril de 2024,$32.657.70,32657.7,weekly,cacao,colombia_reference_purchase_price,cop/kg,COP,colombia_cocoa_price_cop_kg,AgroNet / Ministerio de Agricultura y Desarrollo Rural,Precio de referencia semanal de compra de cacao,https://agronet.gov.co/noticias/precio-de-referencia-semanal-de-compra-de-cacao-fuente-industria-nacional-exportadores-0
2024-04-21,2024-04-15,15 al 21 de abril de 2024,$35.032.80,35032.8,weekly,cacao,colombia_reference_purchase_price,cop/kg,COP,colombia_cocoa_price_cop_kg,AgroNet / Ministerio de Agricultura y Desarrollo Rural,Precio de referencia semanal de compra de cacao,https://agronet.gov.co/noticias/precio-de-referencia-semanal-de-compra-de-cacao-fuente-industria-nacional-exportadores-0
2024-04-28,2024-04-22,22 al 28 de abril de 2024,$36.444.70,36444.7,weekly,cacao,colombia_reference_purchase_price,cop/kg,COP,colombia_cocoa_price_cop_kg,AgroNet / Ministerio de Agricultura y Desarrollo Rural,Precio de referencia semanal de compra de cacao,https://agronet.gov.co/noticias/precio-de-referencia-semanal-de-compra-de-cacao-fuente-industria-nacional-exportadores-0
2024-05-05,2024-04-29,29 de abril al 05 de mayo de 2024,$38.636.70,38636.7,weekly,cacao,colombia_reference_purchase_price,cop/kg,COP,colombia_cocoa_price_cop_kg,AgroNet / Ministerio de Agricultura y Desarrollo Rural,Precio de referencia semanal de compra de cacao,https://agronet.gov.co/noticias/precio-de-referencia-semanal-de-compra-de-cacao-fuente-industria-nacional-exportadores-0
2024-05-12,2024-05-06,06 al 12 de mayo de 2024,$28.363.83,28363.83,weekly,cacao,colombia_reference_purchase_price,cop/kg,COP,colombia_cocoa_price_cop_kg,AgroNet / Ministerio de Agricultura y Desarrollo Rural,Precio de referencia semanal de compra de cacao,https://agronet.gov.co/noticias/precio-de-referencia-semanal-de-compra-de-cacao-fuente-industria-nacional-exportadores-0
2024-05-19,2024-05-13,13 al 19 de mayo de 2024,$28.908.30,28908.3,weekly,cacao,colombia_reference_purchase_price,cop/kg,COP,colombia_cocoa_price_cop_kg,AgroNet / Ministerio de Agricultura y Desarrollo Rural,Precio de referencia semanal de compra de cacao,https://agronet.gov.co/noticias/precio-de-referencia-semanal-de-compra-de-cacao-fuente-industria-nacional-exportadores-0
2024-05-26,2024-05-20,20 al 26 de mayo de 2024,$25.275.00,25275.0,weekly,cacao,colombia_reference_purchase_price,cop/kg,COP,colombia_cocoa_price_cop_kg,AgroNet / Ministerio de Agricultura y Desarrollo Rural,Precio de referencia semanal de compra de cacao,https://agronet.gov.co/noticias/precio-de-referencia-semanal-de-compra-de-cacao-fuente-industria-nacional-exportadores-0
2024-06-02,2024-05-27,27 de mayo al 02 de junio de 2024,$25.158.30,25158.3,weekly,cacao,colombia_reference_purchase_price,cop/kg,COP,colombia_cocoa_price_cop_kg,AgroNet / Ministerio de Agricultura y Desarrollo Rural,Precio de referencia semanal de compra de cacao,https://agronet.gov.co/noticias/precio-de-referencia-semanal-de-compra-de-cacao-fuente-industria-nacional-exportadores-0
2024-06-09,2024-06-03,03 al 09 de junio de 2024,$28.234.70,28234.7,weekly,cacao,colombia_reference_purchase_price,cop/kg,COP,colombia_cocoa_price_cop_kg,AgroNet / Ministerio de Agricultura y Desarrollo Rural,Precio de referencia semanal de compra de cacao,https://agronet.gov.co/noticias/precio-de-referencia-semanal-de-compra-de-cacao-fuente-industria-nacional-exportadores-0
2024-06-16,2024-06-10,10 al 16 de junio de 2024,$31.491.70,31491.7,weekly,cacao,colombia_reference_purchase_price,cop/kg,COP,colombia_cocoa_price_cop_kg,AgroNet / Ministerio de Agricultura y Desarrollo Rural,Precio de referencia semanal de compra de cacao,https://agronet.gov.co/noticias/precio-de-referencia-semanal-de-compra-de-cacao-fuente-industria-nacional-exportadores-0
2024-06-23,2024-06-17,17 al 23 de junio de 2024,$34.191.70,34191.7,weekly,cacao,colombia_reference_purchase_price,cop/kg,COP,colombia_cocoa_price_cop_kg,AgroNet / Ministerio de Agricultura y Desarrollo Rural,Precio de referencia semanal de compra de cacao,https://agronet.gov.co/noticias/precio-de-referencia-semanal-de-compra-de-cacao-fuente-industria-nacional-exportadores-0
2024-06-30,2024-06-24,24 al 30 de junio de 2024,$32.950.70,32950.7,weekly,cacao,colombia_reference_purchase_price,cop/kg,COP,colombia_cocoa_price_cop_kg,AgroNet / Ministerio de Agricultura y Desarrollo Rural,Precio de referencia semanal de compra de cacao,https://agronet.gov.co/noticias/precio-de-referencia-semanal-de-compra-de-cacao-fuente-industria-nacional-exportadores-0
2024-07-07,2024-07-01,01 al 07 de julio de 2024,$28.029.50,28029.5,weekly,cacao,colombia_reference_purchase_price,cop/kg,COP,colombia_cocoa_price_cop_kg,AgroNet / Ministerio de Agricultura y Desarrollo Rural,Precio de referencia semanal de compra de cacao,https://agronet.gov.co/noticias/precio-de-referencia-semanal-de-compra-de-cacao-fuente-industria-nacional-exportadores-0
2024-07-14,2024-07-08,08 al 14 de julio de 2024,$27.896.50,27896.5,weekly,cacao,colombia_reference_purchase_price,cop/kg,COP,colombia_cocoa_price_cop_kg,AgroNet / Ministerio de Agricultura y Desarrollo Rural,Precio de referencia semanal de compra de cacao,https://agronet.gov.co/noticias/precio-de-referencia-semanal-de-compra-de-cacao-fuente-industria-nacional-exportadores-0
2024-07-21,2024-07-15,15 al 21 de julio de 2024,$29.218.00,29218.0,weekly,cacao,colombia_reference_purchase_price,cop/kg,COP,colombia_cocoa_price_cop_kg,AgroNet / Ministerio de Agricultura y Desarrollo Rural,Precio de referencia semanal de compra de cacao,https://agronet.gov.co/noticias/precio-de-referencia-semanal-de-compra-de-cacao-fuente-industria-nacional-exportadores-0
2024-07-28,2024-07-22,22 al 28 de julio de 2024,$29.380.80,29380.8,weekly,cacao,colombia_reference_purchase_price,cop/kg,COP,colombia_cocoa_price_cop_kg,AgroNet / Ministerio de Agricultura y Desarrollo Rural,Precio de referencia semanal de compra de cacao,https://agronet.gov.co/noticias/precio-de-referencia-semanal-de-compra-de-cacao-fuente-industria-nacional-exportadores-0
2024-08-04,2024-07-29,29 de julio al 04 de agosto de 2024,$30.001.30,30001.3,weekly,cacao,colombia_reference_purchase_price,cop/kg,COP,colombia_cocoa_price_cop_kg,AgroNet / Ministerio de Agricultura y Desarrollo Rural,Precio de referencia semanal de compra de cacao,https://agronet.gov.co/noticias/precio-de-referencia-semanal-de-compra-de-cacao-fuente-industria-nacional-exportadores-0
2024-08-11,2024-08-05,05 al 11 de agosto de 2024,$29.737.00,29737.0,weekly,cacao,colombia_reference_purchase_price,cop/kg,COP,colombia_cocoa_price_cop_kg,AgroNet / Ministerio de Agricultura y Desarrollo Rural,Precio de referencia semanal de compra de cacao,https://agronet.gov.co/noticias/precio-de-referencia-semanal-de-compra-de-cacao-fuente-industria-nacional-exportadores-0
2024-08-18,2024-08-12,12 al 18 de agosto de 2024,$30.532.50,30532.5,weekly,cacao,colombia_reference_purchase_price,cop/kg,COP,colombia_cocoa_price_cop_kg,AgroNet / Ministerio de Agricultura y Desarrollo Rural,Precio de referencia semanal de compra de cacao,https://agronet.gov.co/noticias/precio-de-referencia-semanal-de-compra-de-cacao-fuente-industria-nacional-exportadores-0
2024-08-25,2024-08-19,19 al 25 de agosto de 2024,$28.863.70,28863.7,weekly,cacao,colombia_reference_purchase_price,cop/kg,COP,colombia_cocoa_price_cop_kg,AgroNet / Ministerio de Agricultura y Desarrollo Rural,Precio de referencia semanal de compra de cacao,https://agronet.gov.co/noticias/precio-de-referencia-semanal-de-compra-de-cacao-fuente-industria-nacional-exportadores-0
2024-09-01,2024-08-26,26 de agosto al 01 de septiembre de 2024,$29.505.00,29505.0,weekly,cacao,colombia_reference_purchase_price,cop/kg,COP,colombia_cocoa_price_cop_kg,AgroNet / Ministerio de Agricultura y Desarrollo Rural,Precio de referencia semanal de compra de cacao,https://agronet.gov.co/noticias/precio-de-referencia-semanal-de-compra-de-cacao-fuente-industria-nacional-exportadores-0
2024-09-08,2024-09-02,02 al 08 de septiembre de 2024,$31.460.80,31460.8,weekly,cacao,colombia_reference_purchase_price,cop/kg,COP,colombia_cocoa_price_cop_kg,AgroNet / Ministerio de Agricultura y Desarrollo Rural,Precio de referencia semanal de compra de cacao,https://agronet.gov.co/noticias/precio-de-referencia-semanal-de-compra-de-cacao-fuente-industria-nacional-exportadores-0
2024-09-15,2024-09-09,09 al 15 de septiembre de 2024,$29.681.00,29681.0,weekly,cacao,colombia_reference_purchase_price,cop/kg,COP,colombia_cocoa_price_cop_kg,AgroNet / Ministerio de Agricultura y Desarrollo Rural,Precio de referencia semanal de compra de cacao,https://agronet.gov.co/noticias/precio-de-referencia-semanal-de-compra-de-cacao-fuente-industria-nacional-exportadores-0
2024-09-22,2024-09-16,16 al 22 de septiembre de 2024,$30.525.80,30525.8,weekly,cacao,colombia_reference_purchase_price,cop/kg,COP,colombia_cocoa_price_cop_kg,AgroNet / Ministerio de Agricultura y Desarrollo Rural,Precio de referencia semanal de compra de cacao,https://agronet.gov.co/noticias/precio-de-referencia-semanal-de-compra-de-cacao-fuente-industria-nacional-exportadores-0
2024-09-29,2024-09-23,23 al 29 de septiembre de 2024,$30.882.20,30882.2,weekly,cacao,colombia_reference_purchase_price,cop/kg,COP,colombia_cocoa_price_cop_kg,AgroNet / Ministerio de Agricultura y Desarrollo Rural,Precio de referencia semanal de compra de cacao,https://agronet.gov.co/noticias/precio-de-referencia-semanal-de-compra-de-cacao-fuente-industria-nacional-exportadores-0
2024-10-06,2024-09-30,30 de septiembre al 06 de octubre de 2024,$31.437.70,31437.7,weekly,cacao,colombia_reference_purchase_price,cop/kg,COP,colombia_cocoa_price_cop_kg,AgroNet / Ministerio de Agricultura y Desarrollo Rural,Precio de referencia semanal de compra de cacao,https://agronet.gov.co/noticias/precio-de-referencia-semanal-de-compra-de-cacao-fuente-industria-nacional-exportadores-0
2024-10-13,2024-10-07,07 al 13 de octubre de 2024,$29.845.00,29845.0,weekly,cacao,colombia_reference_purchase_price,cop/kg,COP,colombia_cocoa_price_cop_kg,AgroNet / Ministerio de Agricultura y Desarrollo Rural,Precio de referencia semanal de compra de cacao,https://agronet.gov.co/noticias/precio-de-referencia-semanal-de-compra-de-cacao-fuente-industria-nacional-exportadores-0
2024-10-20,2024-10-14,14 al 20 de octubre de 2024,$30.178.30,30178.3,weekly,cacao,colombia_reference_purchase_price,cop/kg,COP,colombia_cocoa_price_cop_kg,AgroNet / Ministerio de Agricultura y Desarrollo Rural,Precio de referencia semanal de compra de cacao,https://agronet.gov.co/noticias/precio-de-referencia-semanal-de-compra-de-cacao-fuente-industria-nacional-exportadores-0
2024-10-27,2024-10-21,21 al 27 de octubre de 2024,$32.445.00,32445.0,weekly,cacao,colombia_reference_purchase_price,cop/kg,COP,colombia_cocoa_price_cop_kg,AgroNet / Ministerio de Agricultura y Desarrollo Rural,Precio de referencia semanal de compra de cacao,https://agronet.gov.co/noticias/precio-de-referencia-semanal-de-compra-de-cacao-fuente-industria-nacional-exportadores-0
2024-11-03,2024-10-28,28 de octubre al 03 de noviembre de 2024,$29.553.70,29553.7,weekly,cacao,colombia_reference_purchase_price,cop/kg,COP,colombia_cocoa_price_cop_kg,AgroNet / Ministerio de Agricultura y Desarrollo Rural,Precio de referencia semanal de compra de cacao,https://agronet.gov.co/noticias/precio-de-referencia-semanal-de-compra-de-cacao-fuente-industria-nacional-exportadores-0
2024-11-10,2024-11-04,04 al 10 de noviembre de 2024,$31.241.30,31241.3,weekly,cacao,colombia_reference_purchase_price,cop/kg,COP,colombia_cocoa_price_cop_kg,AgroNet / Ministerio de Agricultura y Desarrollo Rural,Precio de referencia semanal de compra de cacao,https://agronet.gov.co/noticias/precio-de-referencia-semanal-de-compra-de-cacao-fuente-industria-nacional-exportadores-0
2024-11-17,2024-11-11,11 al 17 de noviembre de 2024,$30.069.20,30069.2,weekly,cacao,colombia_reference_purchase_price,cop/kg,COP,colombia_cocoa_price_cop_kg,AgroNet / Ministerio de Agricultura y Desarrollo Rural,Precio de referencia semanal de compra de cacao,https://agronet.gov.co/noticias/precio-de-referencia-semanal-de-compra-de-cacao-fuente-industria-nacional-exportadores-0
2024-11-24,2024-11-18,18 al 24 de noviembre de 2024,$31.529.20,31529.2,weekly,cacao,colombia_reference_purchase_price,cop/kg,COP,colombia_cocoa_price_cop_kg,AgroNet / Ministerio de Agricultura y Desarrollo Rural,Precio de referencia semanal de compra de cacao,https://agronet.gov.co/noticias/precio-de-referencia-semanal-de-compra-de-cacao-fuente-industria-nacional-exportadores-0
2024-12-01,2024-11-25,25 de noviembre al 01 de diciembre de 2024,$32.570.00,32570.0,weekly,cacao,colombia_reference_purchase_price,cop/kg,COP,colombia_cocoa_price_cop_kg,AgroNet / Ministerio de Agricultura y Desarrollo Rural,Precio de referencia semanal de compra de cacao,https://agronet.gov.co/noticias/precio-de-referencia-semanal-de-compra-de-cacao-fuente-industria-nacional-exportadores-0
2024-12-08,2024-12-02,02 al 08 de diciembre de 2024,$32.570.70,32570.7,weekly,cacao,colombia_reference_purchase_price,cop/kg,COP,colombia_cocoa_price_cop_kg,AgroNet / Ministerio de Agricultura y Desarrollo Rural,Precio de referencia semanal de compra de cacao,https://agronet.gov.co/noticias/precio-de-referencia-semanal-de-compra-de-cacao-fuente-industria-nacional-exportadores-0
2024-12-15,2024-12-09,09 al 15 de diciembre de 2024,$32.459.70,32459.7,weekly,cacao,colombia_reference_purchase_price,cop/kg,COP,colombia_cocoa_price_cop_kg,AgroNet / Ministerio de Agricultura y Desarrollo Rural,Precio de referencia semanal de compra de cacao,https://agronet.gov.co/noticias/precio-de-referencia-semanal-de-compra-de-cacao-fuente-industria-nacional-exportadores-0
2024-12-22,2024-12-16,16 al 22 de diciembre de 2024,$33.968.30,33968.3,weekly,cacao,colombia_reference_purchase_price,cop/kg,COP,colombia_cocoa_price_cop_kg,AgroNet / Ministerio de Agricultura y Desarrollo Rural,Precio de referencia semanal de compra de cacao,https://agronet.gov.co/noticias/precio-de-referencia-semanal-de-compra-de-cacao-fuente-industria-nacional-exportadores-0
2025-01-05,2024-12-30,30 diciembre de 2024 al 5 enero de 2025,"$34.900,80",34900.8,weekly,cacao,colombia_reference_purchase_price,cop/kg,COP,colombia_cocoa_price_cop_kg,AgroNet / Ministerio de Agricultura y Desarrollo Rural,Precio de referencia semanal de compra de cacao,https://agronet.gov.co/noticias/precio-de-referencia-semanal-de-compra-de-cacao-fuente-industria-nacional-exportadores-0
2025-01-12,2025-01-06,6 al 12 de enero de 2025,"$34.633,50/kg",34633.5,weekly,cacao,colombia_reference_purchase_price,cop/kg,COP,colombia_cocoa_price_cop_kg,AgroNet / Ministerio de Agricultura y Desarrollo Rural,Precio de referencia semanal de compra de cacao,https://agronet.gov.co/noticias/precio-de-referencia-semanal-de-compra-de-cacao-fuente-industria-nacional-exportadores-0
2025-01-19,2025-01-13,13 al 19 de enero de 2025,"$34.229,20/kg",34229.2,weekly,cacao,colombia_reference_purchase_price,cop/kg,COP,colombia_cocoa_price_cop_kg,AgroNet / Ministerio de Agricultura y Desarrollo Rural,Precio de referencia semanal de compra de cacao,https://agronet.gov.co/noticias/precio-de-referencia-semanal-de-compra-de-cacao-fuente-industria-nacional-exportadores-0
2025-01-26,2025-01-20,20 al 26 de enero de 2025,"$33.817,80/kg",33817.8,weekly,cacao,colombia_reference_purchase_price,cop/kg,COP,colombia_cocoa_price_cop_kg,AgroNet / Ministerio de Agricultura y Desarrollo Rural,Precio de referencia semanal de compra de cacao,https://agronet.gov.co/noticias/precio-de-referencia-semanal-de-compra-de-cacao-fuente-industria-nacional-exportadores-0
2025-02-02,2025-01-27,27 enero al 2 de febrero de 2025,"$33.831,30/kg",33831.3,weekly,cacao,colombia_reference_purchase_price,cop/kg,COP,colombia_cocoa_price_cop_kg,AgroNet / Ministerio de Agricultura y Desarrollo Rural,Precio de referencia semanal de compra de cacao,https://agronet.gov.co/noticias/precio-de-referencia-semanal-de-compra-de-cacao-fuente-industria-nacional-exportadores-0
2025-02-09,2025-02-03,3 al 9 de febrero de 2025,"$33.611,00/kg",33611.0,weekly,cacao,colombia_reference_purchase_price,cop/kg,COP,colombia_cocoa_price_cop_kg,AgroNet / Ministerio de Agricultura y Desarrollo Rural,Precio de referencia semanal de compra de cacao,https://agronet.gov.co/noticias/precio-de-referencia-semanal-de-compra-de-cacao-fuente-industria-nacional-exportadores-0
2025-02-16,2025-02-10,10 al 16 de febrero de 2025,"$31.623,50/kg",31623.5,weekly,cacao,colombia_reference_purchase_price,cop/kg,COP,colombia_cocoa_price_cop_kg,AgroNet / Ministerio de Agricultura y Desarrollo Rural,Precio de referencia semanal de compra de cacao,https://agronet.gov.co/noticias/precio-de-referencia-semanal-de-compra-de-cacao-fuente-industria-nacional-exportadores-0
2025-02-23,2025-02-17,17 al 23 de febrero de 2025,"$30.533,70/kg",30533.7,weekly,cacao,colombia_reference_purchase_price,cop/kg,COP,colombia_cocoa_price_cop_kg,AgroNet / Ministerio de Agricultura y Desarrollo Rural,Precio de referencia semanal de compra de cacao,https://agronet.gov.co/noticias/precio-de-referencia-semanal-de-compra-de-cacao-fuente-industria-nacional-exportadores-0
2025-03-02,2025-02-24,24 de febrero al 2 de marzo de 2025,"$28.345,00/kg",28345.0,weekly,cacao,colombia_reference_purchase_price,cop/kg,COP,colombia_cocoa_price_cop_kg,AgroNet / Ministerio de Agricultura y Desarrollo Rural,Precio de referencia semanal de compra de cacao,https://agronet.gov.co/noticias/precio-de-referencia-semanal-de-compra-de-cacao-fuente-industria-nacional-exportadores-0
2025-03-09,2025-03-03,3 al 9 de marzo de 2025,"$26.468,30/kg",26468.3,weekly,cacao,colombia_reference_purchase_price,cop/kg,COP,colombia_cocoa_price_cop_kg,AgroNet / Ministerio de Agricultura y Desarrollo Rural,Precio de referencia semanal de compra de cacao,https://agronet.gov.co/noticias/precio-de-referencia-semanal-de-compra-de-cacao-fuente-industria-nacional-exportadores-0
2025-03-17,2025-03-10,10 al 17 de marzo de 2025,"$23.462,80/kg",23462.8,weekly,cacao,colombia_reference_purchase_price,cop/kg,COP,colombia_cocoa_price_cop_kg,AgroNet / Ministerio de Agricultura y Desarrollo Rural,Precio de referencia semanal de compra de cacao,https://agronet.gov.co/noticias/precio-de-referencia-semanal-de-compra-de-cacao-fuente-industria-nacional-exportadores-0
2025-03-23,2025-03-17,17 al 23 de marzo de 2025,"$22.958,20/kg",22958.2,weekly,cacao,colombia_reference_purchase_price,cop/kg,COP,colombia_cocoa_price_cop_kg,AgroNet / Ministerio de Agricultura y Desarrollo Rural,Precio de referencia semanal de compra de cacao,https://agronet.gov.co/noticias/precio-de-referencia-semanal-de-compra-de-cacao-fuente-industria-nacional-exportadores-0
2025-03-30,2025-03-24,24 al 30 de marzo de 2025,"$23.730,80/kg",23730.8,weekly,cacao,colombia_reference_purchase_price,cop/kg,COP,colombia_cocoa_price_cop_kg,AgroNet / Ministerio de Agricultura y Desarrollo Rural,Precio de referencia semanal de compra de cacao,https://agronet.gov.co/noticias/precio-de-referencia-semanal-de-compra-de-cacao-fuente-industria-nacional-exportadores-0
2025-04-06,2025-03-31,31 de marzo al 6 de abril de 2025,"$23.407,50/kg",23407.5,weekly,cacao,colombia_reference_purchase_price,cop/kg,COP,colombia_cocoa_price_cop_kg,AgroNet / Ministerio de Agricultura y Desarrollo Rural,Precio de referencia semanal de compra de cacao,https://agronet.gov.co/noticias/precio-de-referencia-semanal-de-compra-de-cacao-fuente-industria-nacional-exportadores-0
2025-04-13,2025-04-07,7 al 13 de abril de 2025,"$23.842,20/kg",23842.2,weekly,cacao,colombia_reference_purchase_price,cop/kg,COP,colombia_cocoa_price_cop_kg,AgroNet / Ministerio de Agricultura y Desarrollo Rural,Precio de referencia semanal de compra de cacao,https://agronet.gov.co/noticias/precio-de-referencia-semanal-de-compra-de-cacao-fuente-industria-nacional-exportadores-0
2025-04-20,2025-04-14,14 al 20 de abril de 2025,"$25.156,00/kg",25156.0,weekly,cacao,colombia_reference_purchase_price,cop/kg,COP,colombia_cocoa_price_cop_kg,AgroNet / Ministerio de Agricultura y Desarrollo Rural,Precio de referencia semanal de compra de cacao,https://agronet.gov.co/noticias/precio-de-referencia-semanal-de-compra-de-cacao-fuente-industria-nacional-exportadores-0
2025-04-27,2025-04-21,21 al 27 de abril de 2025,"$25.759,30/kg",25759.3,weekly,cacao,colombia_reference_purchase_price,cop/kg,COP,colombia_cocoa_price_cop_kg,AgroNet / Ministerio de Agricultura y Desarrollo Rural,Precio de referencia semanal de compra de cacao,https://agronet.gov.co/noticias/precio-de-referencia-semanal-de-compra-de-cacao-fuente-industria-nacional-exportadores-0
2025-05-04,2025-04-28,28 de abril al 4 de mayo de 2025,"$27.686,70/kg",27686.7,weekly,cacao,colombia_reference_purchase_price,cop/kg,COP,colombia_cocoa_price_cop_kg,AgroNet / Ministerio de Agricultura y Desarrollo Rural,Precio de referencia semanal de compra de cacao,https://agronet.gov.co/noticias/precio-de-referencia-semanal-de-compra-de-cacao-fuente-industria-nacional-exportadores-0
2025-05-11,2025-05-05,5 al 11 de mayo de 2025,"$27.484,20/kg",27484.2,weekly,cacao,colombia_reference_purchase_price,cop/kg,COP,colombia_cocoa_price_cop_kg,AgroNet / Ministerio de Agricultura y Desarrollo Rural,Precio de referencia semanal de compra de cacao,https://agronet.gov.co/noticias/precio-de-referencia-semanal-de-compra-de-cacao-fuente-industria-nacional-exportadores-0
2025-05-18,2025-05-12,12 al 18 de mayo de 2025,"$28.050,80/kg",28050.8,weekly,cacao,colombia_reference_purchase_price,cop/kg,COP,colombia_cocoa_price_cop_kg,AgroNet / Ministerio de Agricultura y Desarrollo Rural,Precio de referencia semanal de compra de cacao,https://agronet.gov.co/noticias/precio-de-referencia-semanal-de-compra-de-cacao-fuente-industria-nacional-exportadores-0
2025-05-25,2025-05-19,19 al 25 de mayo de 2025,"$30.397,00/kg",30397.0,weekly,cacao,colombia_reference_purchase_price,cop/kg,COP,colombia_cocoa_price_cop_kg,AgroNet / Ministerio de Agricultura y Desarrollo Rural,Precio de referencia semanal de compra de cacao,https://agronet.gov.co/noticias/precio-de-referencia-semanal-de-compra-de-cacao-fuente-industria-nacional-exportadores-0
2025-06-01,2025-05-26,26 de mayo al 1 de junio de 2025,"$31.486,50/kg",31486.5,weekly,cacao,colombia_reference_purchase_price,cop/kg,COP,colombia_cocoa_price_cop_kg,AgroNet / Ministerio de Agricultura y Desarrollo Rural,Precio de referencia semanal de compra de cacao,https://agronet.gov.co/noticias/precio-de-referencia-semanal-de-compra-de-cacao-fuente-industria-nacional-exportadores-0
2025-06-08,2025-06-02,2 al 8 de junio de 2025,"$27.863,50/kg",27863.5,weekly,cacao,colombia_reference_purchase_price,cop/kg,COP,colombia_cocoa_price_cop_kg,AgroNet / Ministerio de Agricultura y Desarrollo Rural,Precio de referencia semanal de compra de cacao,https://agronet.gov.co/noticias/precio-de-referencia-semanal-de-compra-de-cacao-fuente-industria-nacional-exportadores-0
2025-06-15,2025-06-09,9 al 15 de junio de 2025,"$28.895,00/kg",28895.0,weekly,cacao,colombia_reference_purchase_price,cop/kg,COP,colombia_cocoa_price_cop_kg,AgroNet / Ministerio de Agricultura y Desarrollo Rural,Precio de referencia semanal de compra de cacao,https://agronet.gov.co/noticias/precio-de-referencia-semanal-de-compra-de-cacao-fuente-industria-nacional-exportadores-0
2025-06-22,2025-06-16,16 al 22 de junio de 2025,"$30.544,50/kg",30544.5,weekly,cacao,colombia_reference_purchase_price,cop/kg,COP,colombia_cocoa_price_cop_kg,AgroNet / Ministerio de Agricultura y Desarrollo Rural,Precio de referencia semanal de compra de cacao,https://agronet.gov.co/noticias/precio-de-referencia-semanal-de-compra-de-cacao-fuente-industria-nacional-exportadores-0
2025-06-29,2025-06-23,23 al 29 de junio de 2025,"$28.000,80/kg",28000.8,weekly,cacao,colombia_reference_purchase_price,cop/kg,COP,colombia_cocoa_price_cop_kg,AgroNet / Ministerio de Agricultura y Desarrollo Rural,Precio de referencia semanal de compra de cacao,https://agronet.gov.co/noticias/precio-de-referencia-semanal-de-compra-de-cacao-fuente-industria-nacional-exportadores-0
2025-07-06,2025-06-30,30 de junio al 6 de julio de 2025,"$27.960,70/kg",27960.7,weekly,cacao,colombia_reference_purchase_price,cop/kg,COP,colombia_cocoa_price_cop_kg,AgroNet / Ministerio de Agricultura y Desarrollo Rural,Precio de referencia semanal de compra de cacao,https://agronet.gov.co/noticias/precio-de-referencia-semanal-de-compra-de-cacao-fuente-industria-nacional-exportadores-0
2025-07-13,2025-07-07,7 al 13 de julio de 2025,"$25.977,50/kg",25977.5,weekly,cacao,colombia_reference_purchase_price,cop/kg,COP,colombia_cocoa_price_cop_kg,AgroNet / Ministerio de Agricultura y Desarrollo Rural,Precio de referencia semanal de compra de cacao,https://agronet.gov.co/noticias/precio-de-referencia-semanal-de-compra-de-cacao-fuente-industria-nacional-exportadores-0
2025-07-20,2025-07-14,14 al 20 de julio de 2025,"$25.323,00/kg",25323.0,weekly,cacao,colombia_reference_purchase_price,cop/kg,COP,colombia_cocoa_price_cop_kg,AgroNet / Ministerio de Agricultura y Desarrollo Rural,Precio de referencia semanal de compra de cacao,https://agronet.gov.co/noticias/precio-de-referencia-semanal-de-compra-de-cacao-fuente-industria-nacional-exportadores-0
2025-07-27,2025-07-21,21 al 27 de julio de 2025,"$23.490,00/kg",23490.0,weekly,cacao,colombia_reference_purchase_price,cop/kg,COP,colombia_cocoa_price_cop_kg,AgroNet / Ministerio de Agricultura y Desarrollo Rural,Precio de referencia semanal de compra de cacao,https://agronet.gov.co/noticias/precio-de-referencia-semanal-de-compra-de-cacao-fuente-industria-nacional-exportadores-0
2025-08-03,2025-07-28,28 de julio al 3 de agosto de 2025,"$23.747,00/kg",23747.0,weekly,cacao,colombia_reference_purchase_price,cop/kg,COP,colombia_cocoa_price_cop_kg,AgroNet / Ministerio de Agricultura y Desarrollo Rural,Precio de referencia semanal de compra de cacao,https://agronet.gov.co/noticias/precio-de-referencia-semanal-de-compra-de-cacao-fuente-industria-nacional-exportadores-0
2025-08-10,2025-08-04,4 al 10 de agosto de 2025,"$24.127,20/kg",24127.2,weekly,cacao,colombia_reference_purchase_price,cop/kg,COP,colombia_cocoa_price_cop_kg,AgroNet / Ministerio de Agricultura y Desarrollo Rural,Precio de referencia semanal de compra de cacao,https://agronet.gov.co/noticias/precio-de-referencia-semanal-de-compra-de-cacao-fuente-industria-nacional-exportadores-0
2025-08-17,2025-08-11,11 al 17 de agosto de 2025,"$24.793,80/kg",24793.8,weekly,cacao,colombia_reference_purchase_price,cop/kg,COP,colombia_cocoa_price_cop_kg,AgroNet / Ministerio de Agricultura y Desarrollo Rural,Precio de referencia semanal de compra de cacao,https://agronet.gov.co/noticias/precio-de-referencia-semanal-de-compra-de-cacao-fuente-industria-nacional-exportadores-0
2025-10-26,2025-10-20,20 al 26 de octubre de 2025,"$17.420,80/kg",17420.8,weekly,cacao,colombia_reference_purchase_price,cop/kg,COP,colombia_cocoa_price_cop_kg,AgroNet / Ministerio de Agricultura y Desarrollo Rural,Precio de referencia semanal de compra de cacao,https://agronet.gov.co/noticias/precio-de-referencia-semanal-de-compra-de-cacao-fuente-industria-nacional-exportadores-0
2025-11-02,2025-10-27,27 de octubre al 2 de noviembre de 2025,"$17.137,50/kg",17137.5,weekly,cacao,colombia_reference_purchase_price,cop/kg,COP,colombia_cocoa_price_cop_kg,AgroNet / Ministerio de Agricultura y Desarrollo Rural,Precio de referencia semanal de compra de cacao,https://agronet.gov.co/noticias/precio-de-referencia-semanal-de-compra-de-cacao-fuente-industria-nacional-exportadores-0
2025-11-09,2025-11-03,3 al 9 de noviembre de 2025,"$17.432,50/kg",17432.5,weekly,cacao,colombia_reference_purchase_price,cop/kg,COP,colombia_cocoa_price_cop_kg,AgroNet / Ministerio de Agricultura y Desarrollo Rural,Precio de referencia semanal de compra de cacao,https://agronet.gov.co/noticias/precio-de-referencia-semanal-de-compra-de-cacao-fuente-industria-nacional-exportadores-0
2025-11-16,2025-11-10,10 al 16 de noviembre de 2025,"$17.697,50/kg",17697.5,weekly,cacao,colombia_reference_purchase_price,cop/kg,COP,colombia_cocoa_price_cop_kg,AgroNet / Ministerio de Agricultura y Desarrollo Rural,Precio de referencia semanal de compra de cacao,https://agronet.gov.co/noticias/precio-de-referencia-semanal-de-compra-de-cacao-fuente-industria-nacional-exportadores-0
2025-11-23,2025-11-17,17 al 23 de noviembre de 2025,"$15.815,00/kg",15815.0,weekly,cacao,colombia_reference_purchase_price,cop/kg,COP,colombia_cocoa_price_cop_kg,AgroNet / Ministerio de Agricultura y Desarrollo Rural,Precio de referencia semanal de compra de cacao,https://agronet.gov.co/noticias/precio-de-referencia-semanal-de-compra-de-cacao-fuente-industria-nacional-exportadores-0
2025-11-30,2025-11-24,24 al 30 de noviembre de 2025,"$14.764,20/kg",14764.2,weekly,cacao,colombia_reference_purchase_price,cop/kg,COP,colombia_cocoa_price_cop_kg,AgroNet / Ministerio de Agricultura y Desarrollo Rural,Precio de referencia semanal de compra de cacao,https://agronet.gov.co/noticias/precio-de-referencia-semanal-de-compra-de-cacao-fuente-industria-nacional-exportadores-0
2025-12-07,2025-12-01,1 al 7 de diciembre de 2025,"$16.077,80/kg",16077.8,weekly,cacao,colombia_reference_purchase_price,cop/kg,COP,colombia_cocoa_price_cop_kg,AgroNet / Ministerio de Agricultura y Desarrollo Rural,Precio de referencia semanal de compra de cacao,https://agronet.gov.co/noticias/precio-de-referencia-semanal-de-compra-de-cacao-fuente-industria-nacional-exportadores-0
2025-12-14,2025-12-08,8 al 14 de diciembre de 2025,"$16.565,80/kg",16565.8,weekly,cacao,colombia_reference_purchase_price,cop/kg,COP,colombia_cocoa_price_cop_kg,AgroNet / Ministerio de Agricultura y Desarrollo Rural,Precio de referencia semanal de compra de cacao,https://agronet.gov.co/noticias/precio-de-referencia-semanal-de-compra-de-cacao-fuente-industria-nacional-exportadores-0
2025-12-21,2025-12-15,15 al 21 de diciembre de 2025,"$17.661,70/kg",17661.7,weekly,cacao,colombia_reference_purchase_price,cop/kg,COP,colombia_cocoa_price_cop_kg,AgroNet / Ministerio de Agricultura y Desarrollo Rural,Precio de referencia semanal de compra de cacao,https://agronet.gov.co/noticias/precio-de-referencia-semanal-de-compra-de-cacao-fuente-industria-nacional-exportadores-0
2025-12-28,2025-12-22,22 al 28 de diciembre de 2025,"$18.183,30/kg",18183.3,weekly,cacao,colombia_reference_purchase_price,cop/kg,COP,colombia_cocoa_price_cop_kg,AgroNet / Ministerio de Agricultura y Desarrollo Rural,Precio de referencia semanal de compra de cacao,https://agronet.gov.co/noticias/precio-de-referencia-semanal-de-compra-de-cacao-fuente-industria-nacional-exportadores-0
2026-01-04,2025-12-29,29 al 04 de enero de 2026,"$18.251,20/kg",18251.2,weekly,cacao,colombia_reference_purchase_price,cop/kg,COP,colombia_cocoa_price_cop_kg,AgroNet / Ministerio de Agricultura y Desarrollo Rural,Precio de referencia semanal de compra de cacao,https://agronet.gov.co/noticias/precio-de-referencia-semanal-de-compra-de-cacao-fuente-industria-nacional-exportadores-0
2026-01-11,2026-01-05,05 al 11 de enero de 2026,"$17.798,50/kg",17798.5,weekly,cacao,colombia_reference_purchase_price,cop/kg,COP,colombia_cocoa_price_cop_kg,AgroNet / Ministerio de Agricultura y Desarrollo Rural,Precio de referencia semanal de compra de cacao,https://agronet.gov.co/noticias/precio-de-referencia-semanal-de-compra-de-cacao-fuente-industria-nacional-exportadores-0
2026-01-18,2026-01-12,12 al 18 de enero de 2026,"$16.565,20/kg",16565.2,weekly,cacao,colombia_reference_purchase_price,cop/kg,COP,colombia_cocoa_price_cop_kg,AgroNet / Ministerio de Agricultura y Desarrollo Rural,Precio de referencia semanal de compra de cacao,https://agronet.gov.co/noticias/precio-de-referencia-semanal-de-compra-de-cacao-fuente-industria-nacional-exportadores-0
2026-01-25,2026-01-19,19 al 25 de enero de 2026,"$14.837,50/kg",14837.5,weekly,cacao,colombia_reference_purchase_price,cop/kg,COP,colombia_cocoa_price_cop_kg,AgroNet / Ministerio de Agricultura y Desarrollo Rural,Precio de referencia semanal de compra de cacao,https://agronet.gov.co/noticias/precio-de-referencia-semanal-de-compra-de-cacao-fuente-industria-nacional-exportadores-0
2026-02-01,2026-01-26,26 al 1 de febrero de 2026,"$12.201,70/kg",12201.7,weekly,cacao,colombia_reference_purchase_price,cop/kg,COP,colombia_cocoa_price_cop_kg,AgroNet / Ministerio de Agricultura y Desarrollo Rural,Precio de referencia semanal de compra de cacao,https://agronet.gov.co/noticias/precio-de-referencia-semanal-de-compra-de-cacao-fuente-industria-nacional-exportadores-0
2026-02-08,2026-02-02,2 al 8 de febrero de 2026,"$12.305,50/kg",12305.5,weekly,cacao,colombia_reference_purchase_price,cop/kg,COP,colombia_cocoa_price_cop_kg,AgroNet / Ministerio de Agricultura y Desarrollo Rural,Precio de referencia semanal de compra de cacao,https://agronet.gov.co/noticias/precio-de-referencia-semanal-de-compra-de-cacao-fuente-industria-nacional-exportadores-0
2026-02-15,2026-02-09,9 al 15 de febrero de 2026,"$12.395,00/kg",12395.0,weekly,cacao,colombia_reference_purchase_price,cop/kg,COP,colombia_cocoa_price_cop_kg,AgroNet / Ministerio de Agricultura y Desarrollo Rural,Precio de referencia semanal de compra de cacao,https://agronet.gov.co/noticias/precio-de-referencia-semanal-de-compra-de-cacao-fuente-industria-nacional-exportadores-0
2026-02-22,2026-02-16,16 al 22 de febrero de 2026,"$10.500,00/kg",10500.0,weekly,cacao,colombia_reference_purchase_price,cop/kg,COP,colombia_cocoa_price_cop_kg,AgroNet / Ministerio de Agricultura y Desarrollo Rural,Precio de referencia semanal de compra de cacao,https://agronet.gov.co/noticias/precio-de-referencia-semanal-de-compra-de-cacao-fuente-industria-nacional-exportadores-0
2026-03-01,2026-02-23,23 al 01 de marzo de 2026,"$8.825,80/kg",8825.8,weekly,cacao,colombia_reference_purchase_price,cop/kg,COP,colombia_cocoa_price_cop_kg,AgroNet / Ministerio de Agricultura y Desarrollo Rural,Precio de referencia semanal de compra de cacao,https://agronet.gov.co/noticias/precio-de-referencia-semanal-de-compra-de-cacao-fuente-industria-nacional-exportadores-0
2026-03-08,2026-03-02,02 al 08 de marzo de 2026,"$8.645,80/kg",8645.8,weekly,cacao,colombia_reference_purchase_price,cop/kg,COP,colombia_cocoa_price_cop_kg,AgroNet / Ministerio de Agricultura y Desarrollo Rural,Precio de referencia semanal de compra de cacao,https://agronet.gov.co/noticias/precio-de-referencia-semanal-de-compra-de-cacao-fuente-industria-nacional-exportadores-0
2026-03-15,2026-03-09,09 al 15 de marzo de 2026,"$8.561,70/kg",8561.7,weekly,cacao,colombia_reference_purchase_price,cop/kg,COP,colombia_cocoa_price_cop_kg,AgroNet / Ministerio de Agricultura y Desarrollo Rural,Precio de referencia semanal de compra de cacao,https://agronet.gov.co/noticias/precio-de-referencia-semanal-de-compra-de-cacao-fuente-industria-nacional-exportadores-0
2026-03-22,2026-03-16,16 al 22 de marzo de 2026,"$9.255,00/kg",9255.0,weekly,cacao,colombia_reference_purchase_price,cop/kg,COP,colombia_cocoa_price_cop_kg,AgroNet / Ministerio de Agricultura y Desarrollo Rural,Precio de referencia semanal de compra de cacao,https://agronet.gov.co/noticias/precio-de-referencia-semanal-de-compra-de-cacao-fuente-industria-nacional-exportadores-0
2026-03-29,2026-03-23,23 al 29 de marzo de 2026,"$9.249,20/kg",9249.2,weekly,cacao,colombia_reference_purchase_price,cop/kg,COP,colombia_cocoa_price_cop_kg,AgroNet / Ministerio de Agricultura y Desarrollo Rural,Precio de referencia semanal de compra de cacao,https://agronet.gov.co/noticias/precio-de-referencia-semanal-de-compra-de-cacao-fuente-industria-nacional-exportadores-0
