date,brent_oil_usd_bbl,frequency,unit,series_name,source_institution,source_dataset,source_url
1987-05-01,18.58,monthly,USD/barrel,brent_oil_usd_bbl,U.S. Energy Information Administration,Europe Brent Spot Price FOB,https://www.eia.gov/dnav/pet/hist/LeafHandler.ashx?n=PET&s=RBRTE&f=M
1987-06-01,18.86,monthly,USD/barrel,brent_oil_usd_bbl,U.S. Energy Information Administration,Europe Brent Spot Price FOB,https://www.eia.gov/dnav/pet/hist/LeafHandler.ashx?n=PET&s=RBRTE&f=M
1987-07-01,19.86,monthly,USD/barrel,brent_oil_usd_bbl,U.S. Energy Information Administration,Europe Brent Spot Price FOB,https://www.eia.gov/dnav/pet/hist/LeafHandler.ashx?n=PET&s=RBRTE&f=M
1987-08-01,18.98,monthly,USD/barrel,brent_oil_usd_bbl,U.S. Energy Information Administration,Europe Brent Spot Price FOB,https://www.eia.gov/dnav/pet/hist/LeafHandler.ashx?n=PET&s=RBRTE&f=M
1987-09-01,18.31,monthly,USD/barrel,brent_oil_usd_bbl,U.S. Energy Information Administration,Europe Brent Spot Price FOB,https://www.eia.gov/dnav/pet/hist/LeafHandler.ashx?n=PET&s=RBRTE&f=M
1987-10-01,18.76,monthly,USD/barrel,brent_oil_usd_bbl,U.S. Energy Information Administration,Europe Brent Spot Price FOB,https://www.eia.gov/dnav/pet/hist/LeafHandler.ashx?n=PET&s=RBRTE&f=M
1987-11-01,17.78,monthly,USD/barrel,brent_oil_usd_bbl,U.S. Energy Information Administration,Europe Brent Spot Price FOB,https://www.eia.gov/dnav/pet/hist/LeafHandler.ashx?n=PET&s=RBRTE&f=M
1987-12-01,17.05,monthly,USD/barrel,brent_oil_usd_bbl,U.S. Energy Information Administration,Europe Brent Spot Price FOB,https://www.eia.gov/dnav/pet/hist/LeafHandler.ashx?n=PET&s=RBRTE&f=M
1988-01-01,16.75,monthly,USD/barrel,brent_oil_usd_bbl,U.S. Energy Information Administration,Europe Brent Spot Price FOB,https://www.eia.gov/dnav/pet/hist/LeafHandler.ashx?n=PET&s=RBRTE&f=M
1988-02-01,15.73,monthly,USD/barrel,brent_oil_usd_bbl,U.S. Energy Information Administration,Europe Brent Spot Price FOB,https://www.eia.gov/dnav/pet/hist/LeafHandler.ashx?n=PET&s=RBRTE&f=M
1988-03-01,14.73,monthly,USD/barrel,brent_oil_usd_bbl,U.S. Energy Information Administration,Europe Brent Spot Price FOB,https://www.eia.gov/dnav/pet/hist/LeafHandler.ashx?n=PET&s=RBRTE&f=M
1988-04-01,16.6,monthly,USD/barrel,brent_oil_usd_bbl,U.S. Energy Information Administration,Europe Brent Spot Price FOB,https://www.eia.gov/dnav/pet/hist/LeafHandler.ashx?n=PET&s=RBRTE&f=M
1988-05-01,16.31,monthly,USD/barrel,brent_oil_usd_bbl,U.S. Energy Information Administration,Europe Brent Spot Price FOB,https://www.eia.gov/dnav/pet/hist/LeafHandler.ashx?n=PET&s=RBRTE&f=M
1988-06-01,15.54,monthly,USD/barrel,brent_oil_usd_bbl,U.S. Energy Information Administration,Europe Brent Spot Price FOB,https://www.eia.gov/dnav/pet/hist/LeafHandler.ashx?n=PET&s=RBRTE&f=M
1988-07-01,14.91,monthly,USD/barrel,brent_oil_usd_bbl,U.S. Energy Information Administration,Europe Brent Spot Price FOB,https://www.eia.gov/dnav/pet/hist/LeafHandler.ashx?n=PET&s=RBRTE&f=M
1988-08-01,14.89,monthly,USD/barrel,brent_oil_usd_bbl,U.S. Energy Information Administration,Europe Brent Spot Price FOB,https://www.eia.gov/dnav/pet/hist/LeafHandler.ashx?n=PET&s=RBRTE&f=M
1988-09-01,13.18,monthly,USD/barrel,brent_oil_usd_bbl,U.S. Energy Information Administration,Europe Brent Spot Price FOB,https://www.eia.gov/dnav/pet/hist/LeafHandler.ashx?n=PET&s=RBRTE&f=M
1988-10-01,12.41,monthly,USD/barrel,brent_oil_usd_bbl,U.S. Energy Information Administration,Europe Brent Spot Price FOB,https://www.eia.gov/dnav/pet/hist/LeafHandler.ashx?n=PET&s=RBRTE&f=M
1988-11-01,13.02,monthly,USD/barrel,brent_oil_usd_bbl,U.S. Energy Information Administration,Europe Brent Spot Price FOB,https://www.eia.gov/dnav/pet/hist/LeafHandler.ashx?n=PET&s=RBRTE&f=M
1988-12-01,15.31,monthly,USD/barrel,brent_oil_usd_bbl,U.S. Energy Information Administration,Europe Brent Spot Price FOB,https://www.eia.gov/dnav/pet/hist/LeafHandler.ashx?n=PET&s=RBRTE&f=M
1989-01-01,17.17,monthly,USD/barrel,brent_oil_usd_bbl,U.S. Energy Information Administration,Europe Brent Spot Price FOB,https://www.eia.gov/dnav/pet/hist/LeafHandler.ashx?n=PET&s=RBRTE&f=M
1989-02-01,16.89,monthly,USD/barrel,brent_oil_usd_bbl,U.S. Energy Information Administration,Europe Brent Spot Price FOB,https://www.eia.gov/dnav/pet/hist/LeafHandler.ashx?n=PET&s=RBRTE&f=M
1989-03-01,18.7,monthly,USD/barrel,brent_oil_usd_bbl,U.S. Energy Information Administration,Europe Brent Spot Price FOB,https://www.eia.gov/dnav/pet/hist/LeafHandler.ashx?n=PET&s=RBRTE&f=M
1989-04-01,20.32,monthly,USD/barrel,brent_oil_usd_bbl,U.S. Energy Information Administration,Europe Brent Spot Price FOB,https://www.eia.gov/dnav/pet/hist/LeafHandler.ashx?n=PET&s=RBRTE&f=M
1989-05-01,18.63,monthly,USD/barrel,brent_oil_usd_bbl,U.S. Energy Information Administration,Europe Brent Spot Price FOB,https://www.eia.gov/dnav/pet/hist/LeafHandler.ashx?n=PET&s=RBRTE&f=M
1989-06-01,17.67,monthly,USD/barrel,brent_oil_usd_bbl,U.S. Energy Information Administration,Europe Brent Spot Price FOB,https://www.eia.gov/dnav/pet/hist/LeafHandler.ashx?n=PET&s=RBRTE&f=M
1989-07-01,17.62,monthly,USD/barrel,brent_oil_usd_bbl,U.S. Energy Information Administration,Europe Brent Spot Price FOB,https://www.eia.gov/dnav/pet/hist/LeafHandler.ashx?n=PET&s=RBRTE&f=M
1989-08-01,16.77,monthly,USD/barrel,brent_oil_usd_bbl,U.S. Energy Information Administration,Europe Brent Spot Price FOB,https://www.eia.gov/dnav/pet/hist/LeafHandler.ashx?n=PET&s=RBRTE&f=M
1989-09-01,17.77,monthly,USD/barrel,brent_oil_usd_bbl,U.S. Energy Information Administration,Europe Brent Spot Price FOB,https://www.eia.gov/dnav/pet/hist/LeafHandler.ashx?n=PET&s=RBRTE&f=M
1989-10-01,18.91,monthly,USD/barrel,brent_oil_usd_bbl,U.S. Energy Information Administration,Europe Brent Spot Price FOB,https://www.eia.gov/dnav/pet/hist/LeafHandler.ashx?n=PET&s=RBRTE&f=M
1989-11-01,18.73,monthly,USD/barrel,brent_oil_usd_bbl,U.S. Energy Information Administration,Europe Brent Spot Price FOB,https://www.eia.gov/dnav/pet/hist/LeafHandler.ashx?n=PET&s=RBRTE&f=M
1989-12-01,19.84,monthly,USD/barrel,brent_oil_usd_bbl,U.S. Energy Information Administration,Europe Brent Spot Price FOB,https://www.eia.gov/dnav/pet/hist/LeafHandler.ashx?n=PET&s=RBRTE&f=M
1990-01-01,21.25,monthly,USD/barrel,brent_oil_usd_bbl,U.S. Energy Information Administration,Europe Brent Spot Price FOB,https://www.eia.gov/dnav/pet/hist/LeafHandler.ashx?n=PET&s=RBRTE&f=M
1990-02-01,19.81,monthly,USD/barrel,brent_oil_usd_bbl,U.S. Energy Information Administration,Europe Brent Spot Price FOB,https://www.eia.gov/dnav/pet/hist/LeafHandler.ashx?n=PET&s=RBRTE&f=M
1990-03-01,18.39,monthly,USD/barrel,brent_oil_usd_bbl,U.S. Energy Information Administration,Europe Brent Spot Price FOB,https://www.eia.gov/dnav/pet/hist/LeafHandler.ashx?n=PET&s=RBRTE&f=M
1990-04-01,16.61,monthly,USD/barrel,brent_oil_usd_bbl,U.S. Energy Information Administration,Europe Brent Spot Price FOB,https://www.eia.gov/dnav/pet/hist/LeafHandler.ashx?n=PET&s=RBRTE&f=M
1990-05-01,16.35,monthly,USD/barrel,brent_oil_usd_bbl,U.S. Energy Information Administration,Europe Brent Spot Price FOB,https://www.eia.gov/dnav/pet/hist/LeafHandler.ashx?n=PET&s=RBRTE&f=M
1990-06-01,15.1,monthly,USD/barrel,brent_oil_usd_bbl,U.S. Energy Information Administration,Europe Brent Spot Price FOB,https://www.eia.gov/dnav/pet/hist/LeafHandler.ashx?n=PET&s=RBRTE&f=M
1990-07-01,17.17,monthly,USD/barrel,brent_oil_usd_bbl,U.S. Energy Information Administration,Europe Brent Spot Price FOB,https://www.eia.gov/dnav/pet/hist/LeafHandler.ashx?n=PET&s=RBRTE&f=M
1990-08-01,27.17,monthly,USD/barrel,brent_oil_usd_bbl,U.S. Energy Information Administration,Europe Brent Spot Price FOB,https://www.eia.gov/dnav/pet/hist/LeafHandler.ashx?n=PET&s=RBRTE&f=M
1990-09-01,34.9,monthly,USD/barrel,brent_oil_usd_bbl,U.S. Energy Information Administration,Europe Brent Spot Price FOB,https://www.eia.gov/dnav/pet/hist/LeafHandler.ashx?n=PET&s=RBRTE&f=M
1990-10-01,36.02,monthly,USD/barrel,brent_oil_usd_bbl,U.S. Energy Information Administration,Europe Brent Spot Price FOB,https://www.eia.gov/dnav/pet/hist/LeafHandler.ashx?n=PET&s=RBRTE&f=M
1990-11-01,33.07,monthly,USD/barrel,brent_oil_usd_bbl,U.S. Energy Information Administration,Europe Brent Spot Price FOB,https://www.eia.gov/dnav/pet/hist/LeafHandler.ashx?n=PET&s=RBRTE&f=M
1990-12-01,28.27,monthly,USD/barrel,brent_oil_usd_bbl,U.S. Energy Information Administration,Europe Brent Spot Price FOB,https://www.eia.gov/dnav/pet/hist/LeafHandler.ashx?n=PET&s=RBRTE&f=M
1991-01-01,23.57,monthly,USD/barrel,brent_oil_usd_bbl,U.S. Energy Information Administration,Europe Brent Spot Price FOB,https://www.eia.gov/dnav/pet/hist/LeafHandler.ashx?n=PET&s=RBRTE&f=M
1991-02-01,19.54,monthly,USD/barrel,brent_oil_usd_bbl,U.S. Energy Information Administration,Europe Brent Spot Price FOB,https://www.eia.gov/dnav/pet/hist/LeafHandler.ashx?n=PET&s=RBRTE&f=M
1991-03-01,19.08,monthly,USD/barrel,brent_oil_usd_bbl,U.S. Energy Information Administration,Europe Brent Spot Price FOB,https://www.eia.gov/dnav/pet/hist/LeafHandler.ashx?n=PET&s=RBRTE&f=M
1991-04-01,19.18,monthly,USD/barrel,brent_oil_usd_bbl,U.S. Energy Information Administration,Europe Brent Spot Price FOB,https://www.eia.gov/dnav/pet/hist/LeafHandler.ashx?n=PET&s=RBRTE&f=M
1991-05-01,19.19,monthly,USD/barrel,brent_oil_usd_bbl,U.S. Energy Information Administration,Europe Brent Spot Price FOB,https://www.eia.gov/dnav/pet/hist/LeafHandler.ashx?n=PET&s=RBRTE&f=M
1991-06-01,18.17,monthly,USD/barrel,brent_oil_usd_bbl,U.S. Energy Information Administration,Europe Brent Spot Price FOB,https://www.eia.gov/dnav/pet/hist/LeafHandler.ashx?n=PET&s=RBRTE&f=M
1991-07-01,19.4,monthly,USD/barrel,brent_oil_usd_bbl,U.S. Energy Information Administration,Europe Brent Spot Price FOB,https://www.eia.gov/dnav/pet/hist/LeafHandler.ashx?n=PET&s=RBRTE&f=M
1991-08-01,19.77,monthly,USD/barrel,brent_oil_usd_bbl,U.S. Energy Information Administration,Europe Brent Spot Price FOB,https://www.eia.gov/dnav/pet/hist/LeafHandler.ashx?n=PET&s=RBRTE&f=M
1991-09-01,20.5,monthly,USD/barrel,brent_oil_usd_bbl,U.S. Energy Information Administration,Europe Brent Spot Price FOB,https://www.eia.gov/dnav/pet/hist/LeafHandler.ashx?n=PET&s=RBRTE&f=M
1991-10-01,22.21,monthly,USD/barrel,brent_oil_usd_bbl,U.S. Energy Information Administration,Europe Brent Spot Price FOB,https://www.eia.gov/dnav/pet/hist/LeafHandler.ashx?n=PET&s=RBRTE&f=M
1991-11-01,21.11,monthly,USD/barrel,brent_oil_usd_bbl,U.S. Energy Information Administration,Europe Brent Spot Price FOB,https://www.eia.gov/dnav/pet/hist/LeafHandler.ashx?n=PET&s=RBRTE&f=M
1991-12-01,18.41,monthly,USD/barrel,brent_oil_usd_bbl,U.S. Energy Information Administration,Europe Brent Spot Price FOB,https://www.eia.gov/dnav/pet/hist/LeafHandler.ashx?n=PET&s=RBRTE&f=M
1992-01-01,18.16,monthly,USD/barrel,brent_oil_usd_bbl,U.S. Energy Information Administration,Europe Brent Spot Price FOB,https://www.eia.gov/dnav/pet/hist/LeafHandler.ashx?n=PET&s=RBRTE&f=M
1992-02-01,18.05,monthly,USD/barrel,brent_oil_usd_bbl,U.S. Energy Information Administration,Europe Brent Spot Price FOB,https://www.eia.gov/dnav/pet/hist/LeafHandler.ashx?n=PET&s=RBRTE&f=M
1992-03-01,17.63,monthly,USD/barrel,brent_oil_usd_bbl,U.S. Energy Information Administration,Europe Brent Spot Price FOB,https://www.eia.gov/dnav/pet/hist/LeafHandler.ashx?n=PET&s=RBRTE&f=M
1992-04-01,18.92,monthly,USD/barrel,brent_oil_usd_bbl,U.S. Energy Information Administration,Europe Brent Spot Price FOB,https://www.eia.gov/dnav/pet/hist/LeafHandler.ashx?n=PET&s=RBRTE&f=M
1992-05-01,19.89,monthly,USD/barrel,brent_oil_usd_bbl,U.S. Energy Information Administration,Europe Brent Spot Price FOB,https://www.eia.gov/dnav/pet/hist/LeafHandler.ashx?n=PET&s=RBRTE&f=M
1992-06-01,21.16,monthly,USD/barrel,brent_oil_usd_bbl,U.S. Energy Information Administration,Europe Brent Spot Price FOB,https://www.eia.gov/dnav/pet/hist/LeafHandler.ashx?n=PET&s=RBRTE&f=M
1992-07-01,20.24,monthly,USD/barrel,brent_oil_usd_bbl,U.S. Energy Information Administration,Europe Brent Spot Price FOB,https://www.eia.gov/dnav/pet/hist/LeafHandler.ashx?n=PET&s=RBRTE&f=M
1992-08-01,19.74,monthly,USD/barrel,brent_oil_usd_bbl,U.S. Energy Information Administration,Europe Brent Spot Price FOB,https://www.eia.gov/dnav/pet/hist/LeafHandler.ashx?n=PET&s=RBRTE&f=M
1992-09-01,20.27,monthly,USD/barrel,brent_oil_usd_bbl,U.S. Energy Information Administration,Europe Brent Spot Price FOB,https://www.eia.gov/dnav/pet/hist/LeafHandler.ashx?n=PET&s=RBRTE&f=M
1992-10-01,20.26,monthly,USD/barrel,brent_oil_usd_bbl,U.S. Energy Information Administration,Europe Brent Spot Price FOB,https://www.eia.gov/dnav/pet/hist/LeafHandler.ashx?n=PET&s=RBRTE&f=M
1992-11-01,19.21,monthly,USD/barrel,brent_oil_usd_bbl,U.S. Energy Information Administration,Europe Brent Spot Price FOB,https://www.eia.gov/dnav/pet/hist/LeafHandler.ashx?n=PET&s=RBRTE&f=M
1992-12-01,18.14,monthly,USD/barrel,brent_oil_usd_bbl,U.S. Energy Information Administration,Europe Brent Spot Price FOB,https://www.eia.gov/dnav/pet/hist/LeafHandler.ashx?n=PET&s=RBRTE&f=M
1993-01-01,17.39,monthly,USD/barrel,brent_oil_usd_bbl,U.S. Energy Information Administration,Europe Brent Spot Price FOB,https://www.eia.gov/dnav/pet/hist/LeafHandler.ashx?n=PET&s=RBRTE&f=M
1993-02-01,18.47,monthly,USD/barrel,brent_oil_usd_bbl,U.S. Energy Information Administration,Europe Brent Spot Price FOB,https://www.eia.gov/dnav/pet/hist/LeafHandler.ashx?n=PET&s=RBRTE&f=M
1993-03-01,18.79,monthly,USD/barrel,brent_oil_usd_bbl,U.S. Energy Information Administration,Europe Brent Spot Price FOB,https://www.eia.gov/dnav/pet/hist/LeafHandler.ashx?n=PET&s=RBRTE&f=M
1993-04-01,18.67,monthly,USD/barrel,brent_oil_usd_bbl,U.S. Energy Information Administration,Europe Brent Spot Price FOB,https://www.eia.gov/dnav/pet/hist/LeafHandler.ashx?n=PET&s=RBRTE&f=M
1993-05-01,18.51,monthly,USD/barrel,brent_oil_usd_bbl,U.S. Energy Information Administration,Europe Brent Spot Price FOB,https://www.eia.gov/dnav/pet/hist/LeafHandler.ashx?n=PET&s=RBRTE&f=M
1993-06-01,17.65,monthly,USD/barrel,brent_oil_usd_bbl,U.S. Energy Information Administration,Europe Brent Spot Price FOB,https://www.eia.gov/dnav/pet/hist/LeafHandler.ashx?n=PET&s=RBRTE&f=M
1993-07-01,16.78,monthly,USD/barrel,brent_oil_usd_bbl,U.S. Energy Information Administration,Europe Brent Spot Price FOB,https://www.eia.gov/dnav/pet/hist/LeafHandler.ashx?n=PET&s=RBRTE&f=M
1993-08-01,16.7,monthly,USD/barrel,brent_oil_usd_bbl,U.S. Energy Information Administration,Europe Brent Spot Price FOB,https://www.eia.gov/dnav/pet/hist/LeafHandler.ashx?n=PET&s=RBRTE&f=M
1993-09-01,16.01,monthly,USD/barrel,brent_oil_usd_bbl,U.S. Energy Information Administration,Europe Brent Spot Price FOB,https://www.eia.gov/dnav/pet/hist/LeafHandler.ashx?n=PET&s=RBRTE&f=M
1993-10-01,16.61,monthly,USD/barrel,brent_oil_usd_bbl,U.S. Energy Information Administration,Europe Brent Spot Price FOB,https://www.eia.gov/dnav/pet/hist/LeafHandler.ashx?n=PET&s=RBRTE&f=M
1993-11-01,15.2,monthly,USD/barrel,brent_oil_usd_bbl,U.S. Energy Information Administration,Europe Brent Spot Price FOB,https://www.eia.gov/dnav/pet/hist/LeafHandler.ashx?n=PET&s=RBRTE&f=M
1993-12-01,13.73,monthly,USD/barrel,brent_oil_usd_bbl,U.S. Energy Information Administration,Europe Brent Spot Price FOB,https://www.eia.gov/dnav/pet/hist/LeafHandler.ashx?n=PET&s=RBRTE&f=M
1994-01-01,14.29,monthly,USD/barrel,brent_oil_usd_bbl,U.S. Energy Information Administration,Europe Brent Spot Price FOB,https://www.eia.gov/dnav/pet/hist/LeafHandler.ashx?n=PET&s=RBRTE&f=M
1994-02-01,13.8,monthly,USD/barrel,brent_oil_usd_bbl,U.S. Energy Information Administration,Europe Brent Spot Price FOB,https://www.eia.gov/dnav/pet/hist/LeafHandler.ashx?n=PET&s=RBRTE&f=M
1994-03-01,13.82,monthly,USD/barrel,brent_oil_usd_bbl,U.S. Energy Information Administration,Europe Brent Spot Price FOB,https://www.eia.gov/dnav/pet/hist/LeafHandler.ashx?n=PET&s=RBRTE&f=M
1994-04-01,15.23,monthly,USD/barrel,brent_oil_usd_bbl,U.S. Energy Information Administration,Europe Brent Spot Price FOB,https://www.eia.gov/dnav/pet/hist/LeafHandler.ashx?n=PET&s=RBRTE&f=M
1994-05-01,16.19,monthly,USD/barrel,brent_oil_usd_bbl,U.S. Energy Information Administration,Europe Brent Spot Price FOB,https://www.eia.gov/dnav/pet/hist/LeafHandler.ashx?n=PET&s=RBRTE&f=M
1994-06-01,16.76,monthly,USD/barrel,brent_oil_usd_bbl,U.S. Energy Information Administration,Europe Brent Spot Price FOB,https://www.eia.gov/dnav/pet/hist/LeafHandler.ashx?n=PET&s=RBRTE&f=M
1994-07-01,17.6,monthly,USD/barrel,brent_oil_usd_bbl,U.S. Energy Information Administration,Europe Brent Spot Price FOB,https://www.eia.gov/dnav/pet/hist/LeafHandler.ashx?n=PET&s=RBRTE&f=M
1994-08-01,16.89,monthly,USD/barrel,brent_oil_usd_bbl,U.S. Energy Information Administration,Europe Brent Spot Price FOB,https://www.eia.gov/dnav/pet/hist/LeafHandler.ashx?n=PET&s=RBRTE&f=M
1994-09-01,15.9,monthly,USD/barrel,brent_oil_usd_bbl,U.S. Energy Information Administration,Europe Brent Spot Price FOB,https://www.eia.gov/dnav/pet/hist/LeafHandler.ashx?n=PET&s=RBRTE&f=M
1994-10-01,16.49,monthly,USD/barrel,brent_oil_usd_bbl,U.S. Energy Information Administration,Europe Brent Spot Price FOB,https://www.eia.gov/dnav/pet/hist/LeafHandler.ashx?n=PET&s=RBRTE&f=M
1994-11-01,17.19,monthly,USD/barrel,brent_oil_usd_bbl,U.S. Energy Information Administration,Europe Brent Spot Price FOB,https://www.eia.gov/dnav/pet/hist/LeafHandler.ashx?n=PET&s=RBRTE&f=M
1994-12-01,15.93,monthly,USD/barrel,brent_oil_usd_bbl,U.S. Energy Information Administration,Europe Brent Spot Price FOB,https://www.eia.gov/dnav/pet/hist/LeafHandler.ashx?n=PET&s=RBRTE&f=M
1995-01-01,16.55,monthly,USD/barrel,brent_oil_usd_bbl,U.S. Energy Information Administration,Europe Brent Spot Price FOB,https://www.eia.gov/dnav/pet/hist/LeafHandler.ashx?n=PET&s=RBRTE&f=M
1995-02-01,17.11,monthly,USD/barrel,brent_oil_usd_bbl,U.S. Energy Information Administration,Europe Brent Spot Price FOB,https://www.eia.gov/dnav/pet/hist/LeafHandler.ashx?n=PET&s=RBRTE&f=M
1995-03-01,17.01,monthly,USD/barrel,brent_oil_usd_bbl,U.S. Energy Information Administration,Europe Brent Spot Price FOB,https://www.eia.gov/dnav/pet/hist/LeafHandler.ashx?n=PET&s=RBRTE&f=M
1995-04-01,18.65,monthly,USD/barrel,brent_oil_usd_bbl,U.S. Energy Information Administration,Europe Brent Spot Price FOB,https://www.eia.gov/dnav/pet/hist/LeafHandler.ashx?n=PET&s=RBRTE&f=M
1995-05-01,18.35,monthly,USD/barrel,brent_oil_usd_bbl,U.S. Energy Information Administration,Europe Brent Spot Price FOB,https://www.eia.gov/dnav/pet/hist/LeafHandler.ashx?n=PET&s=RBRTE&f=M
1995-06-01,17.31,monthly,USD/barrel,brent_oil_usd_bbl,U.S. Energy Information Administration,Europe Brent Spot Price FOB,https://www.eia.gov/dnav/pet/hist/LeafHandler.ashx?n=PET&s=RBRTE&f=M
1995-07-01,15.85,monthly,USD/barrel,brent_oil_usd_bbl,U.S. Energy Information Administration,Europe Brent Spot Price FOB,https://www.eia.gov/dnav/pet/hist/LeafHandler.ashx?n=PET&s=RBRTE&f=M
1995-08-01,16.1,monthly,USD/barrel,brent_oil_usd_bbl,U.S. Energy Information Administration,Europe Brent Spot Price FOB,https://www.eia.gov/dnav/pet/hist/LeafHandler.ashx?n=PET&s=RBRTE&f=M
1995-09-01,16.7,monthly,USD/barrel,brent_oil_usd_bbl,U.S. Energy Information Administration,Europe Brent Spot Price FOB,https://www.eia.gov/dnav/pet/hist/LeafHandler.ashx?n=PET&s=RBRTE&f=M
1995-10-01,16.11,monthly,USD/barrel,brent_oil_usd_bbl,U.S. Energy Information Administration,Europe Brent Spot Price FOB,https://www.eia.gov/dnav/pet/hist/LeafHandler.ashx?n=PET&s=RBRTE&f=M
1995-11-01,16.86,monthly,USD/barrel,brent_oil_usd_bbl,U.S. Energy Information Administration,Europe Brent Spot Price FOB,https://www.eia.gov/dnav/pet/hist/LeafHandler.ashx?n=PET&s=RBRTE&f=M
1995-12-01,17.93,monthly,USD/barrel,brent_oil_usd_bbl,U.S. Energy Information Administration,Europe Brent Spot Price FOB,https://www.eia.gov/dnav/pet/hist/LeafHandler.ashx?n=PET&s=RBRTE&f=M
1996-01-01,17.85,monthly,USD/barrel,brent_oil_usd_bbl,U.S. Energy Information Administration,Europe Brent Spot Price FOB,https://www.eia.gov/dnav/pet/hist/LeafHandler.ashx?n=PET&s=RBRTE&f=M
1996-02-01,18.0,monthly,USD/barrel,brent_oil_usd_bbl,U.S. Energy Information Administration,Europe Brent Spot Price FOB,https://www.eia.gov/dnav/pet/hist/LeafHandler.ashx?n=PET&s=RBRTE&f=M
1996-03-01,19.85,monthly,USD/barrel,brent_oil_usd_bbl,U.S. Energy Information Administration,Europe Brent Spot Price FOB,https://www.eia.gov/dnav/pet/hist/LeafHandler.ashx?n=PET&s=RBRTE&f=M
1996-04-01,20.9,monthly,USD/barrel,brent_oil_usd_bbl,U.S. Energy Information Administration,Europe Brent Spot Price FOB,https://www.eia.gov/dnav/pet/hist/LeafHandler.ashx?n=PET&s=RBRTE&f=M
1996-05-01,19.15,monthly,USD/barrel,brent_oil_usd_bbl,U.S. Energy Information Administration,Europe Brent Spot Price FOB,https://www.eia.gov/dnav/pet/hist/LeafHandler.ashx?n=PET&s=RBRTE&f=M
1996-06-01,18.46,monthly,USD/barrel,brent_oil_usd_bbl,U.S. Energy Information Administration,Europe Brent Spot Price FOB,https://www.eia.gov/dnav/pet/hist/LeafHandler.ashx?n=PET&s=RBRTE&f=M
1996-07-01,19.57,monthly,USD/barrel,brent_oil_usd_bbl,U.S. Energy Information Administration,Europe Brent Spot Price FOB,https://www.eia.gov/dnav/pet/hist/LeafHandler.ashx?n=PET&s=RBRTE&f=M
1996-08-01,20.51,monthly,USD/barrel,brent_oil_usd_bbl,U.S. Energy Information Administration,Europe Brent Spot Price FOB,https://www.eia.gov/dnav/pet/hist/LeafHandler.ashx?n=PET&s=RBRTE&f=M
1996-09-01,22.63,monthly,USD/barrel,brent_oil_usd_bbl,U.S. Energy Information Administration,Europe Brent Spot Price FOB,https://www.eia.gov/dnav/pet/hist/LeafHandler.ashx?n=PET&s=RBRTE&f=M
1996-10-01,24.16,monthly,USD/barrel,brent_oil_usd_bbl,U.S. Energy Information Administration,Europe Brent Spot Price FOB,https://www.eia.gov/dnav/pet/hist/LeafHandler.ashx?n=PET&s=RBRTE&f=M
1996-11-01,22.76,monthly,USD/barrel,brent_oil_usd_bbl,U.S. Energy Information Administration,Europe Brent Spot Price FOB,https://www.eia.gov/dnav/pet/hist/LeafHandler.ashx?n=PET&s=RBRTE&f=M
1996-12-01,23.78,monthly,USD/barrel,brent_oil_usd_bbl,U.S. Energy Information Administration,Europe Brent Spot Price FOB,https://www.eia.gov/dnav/pet/hist/LeafHandler.ashx?n=PET&s=RBRTE&f=M
1997-01-01,23.54,monthly,USD/barrel,brent_oil_usd_bbl,U.S. Energy Information Administration,Europe Brent Spot Price FOB,https://www.eia.gov/dnav/pet/hist/LeafHandler.ashx?n=PET&s=RBRTE&f=M
1997-02-01,20.85,monthly,USD/barrel,brent_oil_usd_bbl,U.S. Energy Information Administration,Europe Brent Spot Price FOB,https://www.eia.gov/dnav/pet/hist/LeafHandler.ashx?n=PET&s=RBRTE&f=M
1997-03-01,19.13,monthly,USD/barrel,brent_oil_usd_bbl,U.S. Energy Information Administration,Europe Brent Spot Price FOB,https://www.eia.gov/dnav/pet/hist/LeafHandler.ashx?n=PET&s=RBRTE&f=M
1997-04-01,17.56,monthly,USD/barrel,brent_oil_usd_bbl,U.S. Energy Information Administration,Europe Brent Spot Price FOB,https://www.eia.gov/dnav/pet/hist/LeafHandler.ashx?n=PET&s=RBRTE&f=M
1997-05-01,19.02,monthly,USD/barrel,brent_oil_usd_bbl,U.S. Energy Information Administration,Europe Brent Spot Price FOB,https://www.eia.gov/dnav/pet/hist/LeafHandler.ashx?n=PET&s=RBRTE&f=M
1997-06-01,17.58,monthly,USD/barrel,brent_oil_usd_bbl,U.S. Energy Information Administration,Europe Brent Spot Price FOB,https://www.eia.gov/dnav/pet/hist/LeafHandler.ashx?n=PET&s=RBRTE&f=M
1997-07-01,18.46,monthly,USD/barrel,brent_oil_usd_bbl,U.S. Energy Information Administration,Europe Brent Spot Price FOB,https://www.eia.gov/dnav/pet/hist/LeafHandler.ashx?n=PET&s=RBRTE&f=M
1997-08-01,18.6,monthly,USD/barrel,brent_oil_usd_bbl,U.S. Energy Information Administration,Europe Brent Spot Price FOB,https://www.eia.gov/dnav/pet/hist/LeafHandler.ashx?n=PET&s=RBRTE&f=M
1997-09-01,18.46,monthly,USD/barrel,brent_oil_usd_bbl,U.S. Energy Information Administration,Europe Brent Spot Price FOB,https://www.eia.gov/dnav/pet/hist/LeafHandler.ashx?n=PET&s=RBRTE&f=M
1997-10-01,19.87,monthly,USD/barrel,brent_oil_usd_bbl,U.S. Energy Information Administration,Europe Brent Spot Price FOB,https://www.eia.gov/dnav/pet/hist/LeafHandler.ashx?n=PET&s=RBRTE&f=M
1997-11-01,19.17,monthly,USD/barrel,brent_oil_usd_bbl,U.S. Energy Information Administration,Europe Brent Spot Price FOB,https://www.eia.gov/dnav/pet/hist/LeafHandler.ashx?n=PET&s=RBRTE&f=M
1997-12-01,17.18,monthly,USD/barrel,brent_oil_usd_bbl,U.S. Energy Information Administration,Europe Brent Spot Price FOB,https://www.eia.gov/dnav/pet/hist/LeafHandler.ashx?n=PET&s=RBRTE&f=M
1998-01-01,15.19,monthly,USD/barrel,brent_oil_usd_bbl,U.S. Energy Information Administration,Europe Brent Spot Price FOB,https://www.eia.gov/dnav/pet/hist/LeafHandler.ashx?n=PET&s=RBRTE&f=M
1998-02-01,14.07,monthly,USD/barrel,brent_oil_usd_bbl,U.S. Energy Information Administration,Europe Brent Spot Price FOB,https://www.eia.gov/dnav/pet/hist/LeafHandler.ashx?n=PET&s=RBRTE&f=M
1998-03-01,13.1,monthly,USD/barrel,brent_oil_usd_bbl,U.S. Energy Information Administration,Europe Brent Spot Price FOB,https://www.eia.gov/dnav/pet/hist/LeafHandler.ashx?n=PET&s=RBRTE&f=M
1998-04-01,13.53,monthly,USD/barrel,brent_oil_usd_bbl,U.S. Energy Information Administration,Europe Brent Spot Price FOB,https://www.eia.gov/dnav/pet/hist/LeafHandler.ashx?n=PET&s=RBRTE&f=M
1998-05-01,14.36,monthly,USD/barrel,brent_oil_usd_bbl,U.S. Energy Information Administration,Europe Brent Spot Price FOB,https://www.eia.gov/dnav/pet/hist/LeafHandler.ashx?n=PET&s=RBRTE&f=M
1998-06-01,12.21,monthly,USD/barrel,brent_oil_usd_bbl,U.S. Energy Information Administration,Europe Brent Spot Price FOB,https://www.eia.gov/dnav/pet/hist/LeafHandler.ashx?n=PET&s=RBRTE&f=M
1998-07-01,12.08,monthly,USD/barrel,brent_oil_usd_bbl,U.S. Energy Information Administration,Europe Brent Spot Price FOB,https://www.eia.gov/dnav/pet/hist/LeafHandler.ashx?n=PET&s=RBRTE&f=M
1998-08-01,11.91,monthly,USD/barrel,brent_oil_usd_bbl,U.S. Energy Information Administration,Europe Brent Spot Price FOB,https://www.eia.gov/dnav/pet/hist/LeafHandler.ashx?n=PET&s=RBRTE&f=M
1998-09-01,13.34,monthly,USD/barrel,brent_oil_usd_bbl,U.S. Energy Information Administration,Europe Brent Spot Price FOB,https://www.eia.gov/dnav/pet/hist/LeafHandler.ashx?n=PET&s=RBRTE&f=M
1998-10-01,12.7,monthly,USD/barrel,brent_oil_usd_bbl,U.S. Energy Information Administration,Europe Brent Spot Price FOB,https://www.eia.gov/dnav/pet/hist/LeafHandler.ashx?n=PET&s=RBRTE&f=M
1998-11-01,11.04,monthly,USD/barrel,brent_oil_usd_bbl,U.S. Energy Information Administration,Europe Brent Spot Price FOB,https://www.eia.gov/dnav/pet/hist/LeafHandler.ashx?n=PET&s=RBRTE&f=M
1998-12-01,9.82,monthly,USD/barrel,brent_oil_usd_bbl,U.S. Energy Information Administration,Europe Brent Spot Price FOB,https://www.eia.gov/dnav/pet/hist/LeafHandler.ashx?n=PET&s=RBRTE&f=M
1999-01-01,11.11,monthly,USD/barrel,brent_oil_usd_bbl,U.S. Energy Information Administration,Europe Brent Spot Price FOB,https://www.eia.gov/dnav/pet/hist/LeafHandler.ashx?n=PET&s=RBRTE&f=M
1999-02-01,10.27,monthly,USD/barrel,brent_oil_usd_bbl,U.S. Energy Information Administration,Europe Brent Spot Price FOB,https://www.eia.gov/dnav/pet/hist/LeafHandler.ashx?n=PET&s=RBRTE&f=M
1999-03-01,12.51,monthly,USD/barrel,brent_oil_usd_bbl,U.S. Energy Information Administration,Europe Brent Spot Price FOB,https://www.eia.gov/dnav/pet/hist/LeafHandler.ashx?n=PET&s=RBRTE&f=M
1999-04-01,15.29,monthly,USD/barrel,brent_oil_usd_bbl,U.S. Energy Information Administration,Europe Brent Spot Price FOB,https://www.eia.gov/dnav/pet/hist/LeafHandler.ashx?n=PET&s=RBRTE&f=M
1999-05-01,15.23,monthly,USD/barrel,brent_oil_usd_bbl,U.S. Energy Information Administration,Europe Brent Spot Price FOB,https://www.eia.gov/dnav/pet/hist/LeafHandler.ashx?n=PET&s=RBRTE&f=M
1999-06-01,15.86,monthly,USD/barrel,brent_oil_usd_bbl,U.S. Energy Information Administration,Europe Brent Spot Price FOB,https://www.eia.gov/dnav/pet/hist/LeafHandler.ashx?n=PET&s=RBRTE&f=M
1999-07-01,19.08,monthly,USD/barrel,brent_oil_usd_bbl,U.S. Energy Information Administration,Europe Brent Spot Price FOB,https://www.eia.gov/dnav/pet/hist/LeafHandler.ashx?n=PET&s=RBRTE&f=M
1999-08-01,20.22,monthly,USD/barrel,brent_oil_usd_bbl,U.S. Energy Information Administration,Europe Brent Spot Price FOB,https://www.eia.gov/dnav/pet/hist/LeafHandler.ashx?n=PET&s=RBRTE&f=M
1999-09-01,22.54,monthly,USD/barrel,brent_oil_usd_bbl,U.S. Energy Information Administration,Europe Brent Spot Price FOB,https://www.eia.gov/dnav/pet/hist/LeafHandler.ashx?n=PET&s=RBRTE&f=M
1999-10-01,22.0,monthly,USD/barrel,brent_oil_usd_bbl,U.S. Energy Information Administration,Europe Brent Spot Price FOB,https://www.eia.gov/dnav/pet/hist/LeafHandler.ashx?n=PET&s=RBRTE&f=M
1999-11-01,24.58,monthly,USD/barrel,brent_oil_usd_bbl,U.S. Energy Information Administration,Europe Brent Spot Price FOB,https://www.eia.gov/dnav/pet/hist/LeafHandler.ashx?n=PET&s=RBRTE&f=M
1999-12-01,25.47,monthly,USD/barrel,brent_oil_usd_bbl,U.S. Energy Information Administration,Europe Brent Spot Price FOB,https://www.eia.gov/dnav/pet/hist/LeafHandler.ashx?n=PET&s=RBRTE&f=M
2000-01-01,25.51,monthly,USD/barrel,brent_oil_usd_bbl,U.S. Energy Information Administration,Europe Brent Spot Price FOB,https://www.eia.gov/dnav/pet/hist/LeafHandler.ashx?n=PET&s=RBRTE&f=M
2000-02-01,27.78,monthly,USD/barrel,brent_oil_usd_bbl,U.S. Energy Information Administration,Europe Brent Spot Price FOB,https://www.eia.gov/dnav/pet/hist/LeafHandler.ashx?n=PET&s=RBRTE&f=M
2000-03-01,27.49,monthly,USD/barrel,brent_oil_usd_bbl,U.S. Energy Information Administration,Europe Brent Spot Price FOB,https://www.eia.gov/dnav/pet/hist/LeafHandler.ashx?n=PET&s=RBRTE&f=M
2000-04-01,22.76,monthly,USD/barrel,brent_oil_usd_bbl,U.S. Energy Information Administration,Europe Brent Spot Price FOB,https://www.eia.gov/dnav/pet/hist/LeafHandler.ashx?n=PET&s=RBRTE&f=M
2000-05-01,27.74,monthly,USD/barrel,brent_oil_usd_bbl,U.S. Energy Information Administration,Europe Brent Spot Price FOB,https://www.eia.gov/dnav/pet/hist/LeafHandler.ashx?n=PET&s=RBRTE&f=M
2000-06-01,29.8,monthly,USD/barrel,brent_oil_usd_bbl,U.S. Energy Information Administration,Europe Brent Spot Price FOB,https://www.eia.gov/dnav/pet/hist/LeafHandler.ashx?n=PET&s=RBRTE&f=M
2000-07-01,28.68,monthly,USD/barrel,brent_oil_usd_bbl,U.S. Energy Information Administration,Europe Brent Spot Price FOB,https://www.eia.gov/dnav/pet/hist/LeafHandler.ashx?n=PET&s=RBRTE&f=M
2000-08-01,30.2,monthly,USD/barrel,brent_oil_usd_bbl,U.S. Energy Information Administration,Europe Brent Spot Price FOB,https://www.eia.gov/dnav/pet/hist/LeafHandler.ashx?n=PET&s=RBRTE&f=M
2000-09-01,33.14,monthly,USD/barrel,brent_oil_usd_bbl,U.S. Energy Information Administration,Europe Brent Spot Price FOB,https://www.eia.gov/dnav/pet/hist/LeafHandler.ashx?n=PET&s=RBRTE&f=M
2000-10-01,30.96,monthly,USD/barrel,brent_oil_usd_bbl,U.S. Energy Information Administration,Europe Brent Spot Price FOB,https://www.eia.gov/dnav/pet/hist/LeafHandler.ashx?n=PET&s=RBRTE&f=M
2000-11-01,32.55,monthly,USD/barrel,brent_oil_usd_bbl,U.S. Energy Information Administration,Europe Brent Spot Price FOB,https://www.eia.gov/dnav/pet/hist/LeafHandler.ashx?n=PET&s=RBRTE&f=M
2000-12-01,25.66,monthly,USD/barrel,brent_oil_usd_bbl,U.S. Energy Information Administration,Europe Brent Spot Price FOB,https://www.eia.gov/dnav/pet/hist/LeafHandler.ashx?n=PET&s=RBRTE&f=M
2001-01-01,25.62,monthly,USD/barrel,brent_oil_usd_bbl,U.S. Energy Information Administration,Europe Brent Spot Price FOB,https://www.eia.gov/dnav/pet/hist/LeafHandler.ashx?n=PET&s=RBRTE&f=M
2001-02-01,27.5,monthly,USD/barrel,brent_oil_usd_bbl,U.S. Energy Information Administration,Europe Brent Spot Price FOB,https://www.eia.gov/dnav/pet/hist/LeafHandler.ashx?n=PET&s=RBRTE&f=M
2001-03-01,24.5,monthly,USD/barrel,brent_oil_usd_bbl,U.S. Energy Information Administration,Europe Brent Spot Price FOB,https://www.eia.gov/dnav/pet/hist/LeafHandler.ashx?n=PET&s=RBRTE&f=M
2001-04-01,25.66,monthly,USD/barrel,brent_oil_usd_bbl,U.S. Energy Information Administration,Europe Brent Spot Price FOB,https://www.eia.gov/dnav/pet/hist/LeafHandler.ashx?n=PET&s=RBRTE&f=M
2001-05-01,28.31,monthly,USD/barrel,brent_oil_usd_bbl,U.S. Energy Information Administration,Europe Brent Spot Price FOB,https://www.eia.gov/dnav/pet/hist/LeafHandler.ashx?n=PET&s=RBRTE&f=M
2001-06-01,27.85,monthly,USD/barrel,brent_oil_usd_bbl,U.S. Energy Information Administration,Europe Brent Spot Price FOB,https://www.eia.gov/dnav/pet/hist/LeafHandler.ashx?n=PET&s=RBRTE&f=M
2001-07-01,24.61,monthly,USD/barrel,brent_oil_usd_bbl,U.S. Energy Information Administration,Europe Brent Spot Price FOB,https://www.eia.gov/dnav/pet/hist/LeafHandler.ashx?n=PET&s=RBRTE&f=M
2001-08-01,25.68,monthly,USD/barrel,brent_oil_usd_bbl,U.S. Energy Information Administration,Europe Brent Spot Price FOB,https://www.eia.gov/dnav/pet/hist/LeafHandler.ashx?n=PET&s=RBRTE&f=M
2001-09-01,25.62,monthly,USD/barrel,brent_oil_usd_bbl,U.S. Energy Information Administration,Europe Brent Spot Price FOB,https://www.eia.gov/dnav/pet/hist/LeafHandler.ashx?n=PET&s=RBRTE&f=M
2001-10-01,20.54,monthly,USD/barrel,brent_oil_usd_bbl,U.S. Energy Information Administration,Europe Brent Spot Price FOB,https://www.eia.gov/dnav/pet/hist/LeafHandler.ashx?n=PET&s=RBRTE&f=M
2001-11-01,18.8,monthly,USD/barrel,brent_oil_usd_bbl,U.S. Energy Information Administration,Europe Brent Spot Price FOB,https://www.eia.gov/dnav/pet/hist/LeafHandler.ashx?n=PET&s=RBRTE&f=M
2001-12-01,18.71,monthly,USD/barrel,brent_oil_usd_bbl,U.S. Energy Information Administration,Europe Brent Spot Price FOB,https://www.eia.gov/dnav/pet/hist/LeafHandler.ashx?n=PET&s=RBRTE&f=M
2002-01-01,19.42,monthly,USD/barrel,brent_oil_usd_bbl,U.S. Energy Information Administration,Europe Brent Spot Price FOB,https://www.eia.gov/dnav/pet/hist/LeafHandler.ashx?n=PET&s=RBRTE&f=M
2002-02-01,20.28,monthly,USD/barrel,brent_oil_usd_bbl,U.S. Energy Information Administration,Europe Brent Spot Price FOB,https://www.eia.gov/dnav/pet/hist/LeafHandler.ashx?n=PET&s=RBRTE&f=M
2002-03-01,23.7,monthly,USD/barrel,brent_oil_usd_bbl,U.S. Energy Information Administration,Europe Brent Spot Price FOB,https://www.eia.gov/dnav/pet/hist/LeafHandler.ashx?n=PET&s=RBRTE&f=M
2002-04-01,25.73,monthly,USD/barrel,brent_oil_usd_bbl,U.S. Energy Information Administration,Europe Brent Spot Price FOB,https://www.eia.gov/dnav/pet/hist/LeafHandler.ashx?n=PET&s=RBRTE&f=M
2002-05-01,25.35,monthly,USD/barrel,brent_oil_usd_bbl,U.S. Energy Information Administration,Europe Brent Spot Price FOB,https://www.eia.gov/dnav/pet/hist/LeafHandler.ashx?n=PET&s=RBRTE&f=M
2002-06-01,24.08,monthly,USD/barrel,brent_oil_usd_bbl,U.S. Energy Information Administration,Europe Brent Spot Price FOB,https://www.eia.gov/dnav/pet/hist/LeafHandler.ashx?n=PET&s=RBRTE&f=M
2002-07-01,25.74,monthly,USD/barrel,brent_oil_usd_bbl,U.S. Energy Information Administration,Europe Brent Spot Price FOB,https://www.eia.gov/dnav/pet/hist/LeafHandler.ashx?n=PET&s=RBRTE&f=M
2002-08-01,26.65,monthly,USD/barrel,brent_oil_usd_bbl,U.S. Energy Information Administration,Europe Brent Spot Price FOB,https://www.eia.gov/dnav/pet/hist/LeafHandler.ashx?n=PET&s=RBRTE&f=M
2002-09-01,28.4,monthly,USD/barrel,brent_oil_usd_bbl,U.S. Energy Information Administration,Europe Brent Spot Price FOB,https://www.eia.gov/dnav/pet/hist/LeafHandler.ashx?n=PET&s=RBRTE&f=M
2002-10-01,27.54,monthly,USD/barrel,brent_oil_usd_bbl,U.S. Energy Information Administration,Europe Brent Spot Price FOB,https://www.eia.gov/dnav/pet/hist/LeafHandler.ashx?n=PET&s=RBRTE&f=M
2002-11-01,24.34,monthly,USD/barrel,brent_oil_usd_bbl,U.S. Energy Information Administration,Europe Brent Spot Price FOB,https://www.eia.gov/dnav/pet/hist/LeafHandler.ashx?n=PET&s=RBRTE&f=M
2002-12-01,28.33,monthly,USD/barrel,brent_oil_usd_bbl,U.S. Energy Information Administration,Europe Brent Spot Price FOB,https://www.eia.gov/dnav/pet/hist/LeafHandler.ashx?n=PET&s=RBRTE&f=M
2003-01-01,31.18,monthly,USD/barrel,brent_oil_usd_bbl,U.S. Energy Information Administration,Europe Brent Spot Price FOB,https://www.eia.gov/dnav/pet/hist/LeafHandler.ashx?n=PET&s=RBRTE&f=M
2003-02-01,32.77,monthly,USD/barrel,brent_oil_usd_bbl,U.S. Energy Information Administration,Europe Brent Spot Price FOB,https://www.eia.gov/dnav/pet/hist/LeafHandler.ashx?n=PET&s=RBRTE&f=M
2003-03-01,30.61,monthly,USD/barrel,brent_oil_usd_bbl,U.S. Energy Information Administration,Europe Brent Spot Price FOB,https://www.eia.gov/dnav/pet/hist/LeafHandler.ashx?n=PET&s=RBRTE&f=M
2003-04-01,25.0,monthly,USD/barrel,brent_oil_usd_bbl,U.S. Energy Information Administration,Europe Brent Spot Price FOB,https://www.eia.gov/dnav/pet/hist/LeafHandler.ashx?n=PET&s=RBRTE&f=M
2003-05-01,25.86,monthly,USD/barrel,brent_oil_usd_bbl,U.S. Energy Information Administration,Europe Brent Spot Price FOB,https://www.eia.gov/dnav/pet/hist/LeafHandler.ashx?n=PET&s=RBRTE&f=M
2003-06-01,27.65,monthly,USD/barrel,brent_oil_usd_bbl,U.S. Energy Information Administration,Europe Brent Spot Price FOB,https://www.eia.gov/dnav/pet/hist/LeafHandler.ashx?n=PET&s=RBRTE&f=M
2003-07-01,28.35,monthly,USD/barrel,brent_oil_usd_bbl,U.S. Energy Information Administration,Europe Brent Spot Price FOB,https://www.eia.gov/dnav/pet/hist/LeafHandler.ashx?n=PET&s=RBRTE&f=M
2003-08-01,29.89,monthly,USD/barrel,brent_oil_usd_bbl,U.S. Energy Information Administration,Europe Brent Spot Price FOB,https://www.eia.gov/dnav/pet/hist/LeafHandler.ashx?n=PET&s=RBRTE&f=M
2003-09-01,27.11,monthly,USD/barrel,brent_oil_usd_bbl,U.S. Energy Information Administration,Europe Brent Spot Price FOB,https://www.eia.gov/dnav/pet/hist/LeafHandler.ashx?n=PET&s=RBRTE&f=M
2003-10-01,29.61,monthly,USD/barrel,brent_oil_usd_bbl,U.S. Energy Information Administration,Europe Brent Spot Price FOB,https://www.eia.gov/dnav/pet/hist/LeafHandler.ashx?n=PET&s=RBRTE&f=M
2003-11-01,28.75,monthly,USD/barrel,brent_oil_usd_bbl,U.S. Energy Information Administration,Europe Brent Spot Price FOB,https://www.eia.gov/dnav/pet/hist/LeafHandler.ashx?n=PET&s=RBRTE&f=M
2003-12-01,29.81,monthly,USD/barrel,brent_oil_usd_bbl,U.S. Energy Information Administration,Europe Brent Spot Price FOB,https://www.eia.gov/dnav/pet/hist/LeafHandler.ashx?n=PET&s=RBRTE&f=M
2004-01-01,31.28,monthly,USD/barrel,brent_oil_usd_bbl,U.S. Energy Information Administration,Europe Brent Spot Price FOB,https://www.eia.gov/dnav/pet/hist/LeafHandler.ashx?n=PET&s=RBRTE&f=M
2004-02-01,30.86,monthly,USD/barrel,brent_oil_usd_bbl,U.S. Energy Information Administration,Europe Brent Spot Price FOB,https://www.eia.gov/dnav/pet/hist/LeafHandler.ashx?n=PET&s=RBRTE&f=M
2004-03-01,33.63,monthly,USD/barrel,brent_oil_usd_bbl,U.S. Energy Information Administration,Europe Brent Spot Price FOB,https://www.eia.gov/dnav/pet/hist/LeafHandler.ashx?n=PET&s=RBRTE&f=M
2004-04-01,33.59,monthly,USD/barrel,brent_oil_usd_bbl,U.S. Energy Information Administration,Europe Brent Spot Price FOB,https://www.eia.gov/dnav/pet/hist/LeafHandler.ashx?n=PET&s=RBRTE&f=M
2004-05-01,37.57,monthly,USD/barrel,brent_oil_usd_bbl,U.S. Energy Information Administration,Europe Brent Spot Price FOB,https://www.eia.gov/dnav/pet/hist/LeafHandler.ashx?n=PET&s=RBRTE&f=M
2004-06-01,35.18,monthly,USD/barrel,brent_oil_usd_bbl,U.S. Energy Information Administration,Europe Brent Spot Price FOB,https://www.eia.gov/dnav/pet/hist/LeafHandler.ashx?n=PET&s=RBRTE&f=M
2004-07-01,38.22,monthly,USD/barrel,brent_oil_usd_bbl,U.S. Energy Information Administration,Europe Brent Spot Price FOB,https://www.eia.gov/dnav/pet/hist/LeafHandler.ashx?n=PET&s=RBRTE&f=M
2004-08-01,42.74,monthly,USD/barrel,brent_oil_usd_bbl,U.S. Energy Information Administration,Europe Brent Spot Price FOB,https://www.eia.gov/dnav/pet/hist/LeafHandler.ashx?n=PET&s=RBRTE&f=M
2004-09-01,43.2,monthly,USD/barrel,brent_oil_usd_bbl,U.S. Energy Information Administration,Europe Brent Spot Price FOB,https://www.eia.gov/dnav/pet/hist/LeafHandler.ashx?n=PET&s=RBRTE&f=M
2004-10-01,49.78,monthly,USD/barrel,brent_oil_usd_bbl,U.S. Energy Information Administration,Europe Brent Spot Price FOB,https://www.eia.gov/dnav/pet/hist/LeafHandler.ashx?n=PET&s=RBRTE&f=M
2004-11-01,43.11,monthly,USD/barrel,brent_oil_usd_bbl,U.S. Energy Information Administration,Europe Brent Spot Price FOB,https://www.eia.gov/dnav/pet/hist/LeafHandler.ashx?n=PET&s=RBRTE&f=M
2004-12-01,39.6,monthly,USD/barrel,brent_oil_usd_bbl,U.S. Energy Information Administration,Europe Brent Spot Price FOB,https://www.eia.gov/dnav/pet/hist/LeafHandler.ashx?n=PET&s=RBRTE&f=M
2005-01-01,44.51,monthly,USD/barrel,brent_oil_usd_bbl,U.S. Energy Information Administration,Europe Brent Spot Price FOB,https://www.eia.gov/dnav/pet/hist/LeafHandler.ashx?n=PET&s=RBRTE&f=M
2005-02-01,45.48,monthly,USD/barrel,brent_oil_usd_bbl,U.S. Energy Information Administration,Europe Brent Spot Price FOB,https://www.eia.gov/dnav/pet/hist/LeafHandler.ashx?n=PET&s=RBRTE&f=M
2005-03-01,53.1,monthly,USD/barrel,brent_oil_usd_bbl,U.S. Energy Information Administration,Europe Brent Spot Price FOB,https://www.eia.gov/dnav/pet/hist/LeafHandler.ashx?n=PET&s=RBRTE&f=M
2005-04-01,51.88,monthly,USD/barrel,brent_oil_usd_bbl,U.S. Energy Information Administration,Europe Brent Spot Price FOB,https://www.eia.gov/dnav/pet/hist/LeafHandler.ashx?n=PET&s=RBRTE&f=M
2005-05-01,48.65,monthly,USD/barrel,brent_oil_usd_bbl,U.S. Energy Information Administration,Europe Brent Spot Price FOB,https://www.eia.gov/dnav/pet/hist/LeafHandler.ashx?n=PET&s=RBRTE&f=M
2005-06-01,54.35,monthly,USD/barrel,brent_oil_usd_bbl,U.S. Energy Information Administration,Europe Brent Spot Price FOB,https://www.eia.gov/dnav/pet/hist/LeafHandler.ashx?n=PET&s=RBRTE&f=M
2005-07-01,57.52,monthly,USD/barrel,brent_oil_usd_bbl,U.S. Energy Information Administration,Europe Brent Spot Price FOB,https://www.eia.gov/dnav/pet/hist/LeafHandler.ashx?n=PET&s=RBRTE&f=M
2005-08-01,63.98,monthly,USD/barrel,brent_oil_usd_bbl,U.S. Energy Information Administration,Europe Brent Spot Price FOB,https://www.eia.gov/dnav/pet/hist/LeafHandler.ashx?n=PET&s=RBRTE&f=M
2005-09-01,62.91,monthly,USD/barrel,brent_oil_usd_bbl,U.S. Energy Information Administration,Europe Brent Spot Price FOB,https://www.eia.gov/dnav/pet/hist/LeafHandler.ashx?n=PET&s=RBRTE&f=M
2005-10-01,58.54,monthly,USD/barrel,brent_oil_usd_bbl,U.S. Energy Information Administration,Europe Brent Spot Price FOB,https://www.eia.gov/dnav/pet/hist/LeafHandler.ashx?n=PET&s=RBRTE&f=M
2005-11-01,55.24,monthly,USD/barrel,brent_oil_usd_bbl,U.S. Energy Information Administration,Europe Brent Spot Price FOB,https://www.eia.gov/dnav/pet/hist/LeafHandler.ashx?n=PET&s=RBRTE&f=M
2005-12-01,56.86,monthly,USD/barrel,brent_oil_usd_bbl,U.S. Energy Information Administration,Europe Brent Spot Price FOB,https://www.eia.gov/dnav/pet/hist/LeafHandler.ashx?n=PET&s=RBRTE&f=M
2006-01-01,62.99,monthly,USD/barrel,brent_oil_usd_bbl,U.S. Energy Information Administration,Europe Brent Spot Price FOB,https://www.eia.gov/dnav/pet/hist/LeafHandler.ashx?n=PET&s=RBRTE&f=M
2006-02-01,60.21,monthly,USD/barrel,brent_oil_usd_bbl,U.S. Energy Information Administration,Europe Brent Spot Price FOB,https://www.eia.gov/dnav/pet/hist/LeafHandler.ashx?n=PET&s=RBRTE&f=M
2006-03-01,62.06,monthly,USD/barrel,brent_oil_usd_bbl,U.S. Energy Information Administration,Europe Brent Spot Price FOB,https://www.eia.gov/dnav/pet/hist/LeafHandler.ashx?n=PET&s=RBRTE&f=M
2006-04-01,70.26,monthly,USD/barrel,brent_oil_usd_bbl,U.S. Energy Information Administration,Europe Brent Spot Price FOB,https://www.eia.gov/dnav/pet/hist/LeafHandler.ashx?n=PET&s=RBRTE&f=M
2006-05-01,69.78,monthly,USD/barrel,brent_oil_usd_bbl,U.S. Energy Information Administration,Europe Brent Spot Price FOB,https://www.eia.gov/dnav/pet/hist/LeafHandler.ashx?n=PET&s=RBRTE&f=M
2006-06-01,68.56,monthly,USD/barrel,brent_oil_usd_bbl,U.S. Energy Information Administration,Europe Brent Spot Price FOB,https://www.eia.gov/dnav/pet/hist/LeafHandler.ashx?n=PET&s=RBRTE&f=M
2006-07-01,73.67,monthly,USD/barrel,brent_oil_usd_bbl,U.S. Energy Information Administration,Europe Brent Spot Price FOB,https://www.eia.gov/dnav/pet/hist/LeafHandler.ashx?n=PET&s=RBRTE&f=M
2006-08-01,73.23,monthly,USD/barrel,brent_oil_usd_bbl,U.S. Energy Information Administration,Europe Brent Spot Price FOB,https://www.eia.gov/dnav/pet/hist/LeafHandler.ashx?n=PET&s=RBRTE&f=M
2006-09-01,61.96,monthly,USD/barrel,brent_oil_usd_bbl,U.S. Energy Information Administration,Europe Brent Spot Price FOB,https://www.eia.gov/dnav/pet/hist/LeafHandler.ashx?n=PET&s=RBRTE&f=M
2006-10-01,57.81,monthly,USD/barrel,brent_oil_usd_bbl,U.S. Energy Information Administration,Europe Brent Spot Price FOB,https://www.eia.gov/dnav/pet/hist/LeafHandler.ashx?n=PET&s=RBRTE&f=M
2006-11-01,58.76,monthly,USD/barrel,brent_oil_usd_bbl,U.S. Energy Information Administration,Europe Brent Spot Price FOB,https://www.eia.gov/dnav/pet/hist/LeafHandler.ashx?n=PET&s=RBRTE&f=M
2006-12-01,62.47,monthly,USD/barrel,brent_oil_usd_bbl,U.S. Energy Information Administration,Europe Brent Spot Price FOB,https://www.eia.gov/dnav/pet/hist/LeafHandler.ashx?n=PET&s=RBRTE&f=M
2007-01-01,53.68,monthly,USD/barrel,brent_oil_usd_bbl,U.S. Energy Information Administration,Europe Brent Spot Price FOB,https://www.eia.gov/dnav/pet/hist/LeafHandler.ashx?n=PET&s=RBRTE&f=M
2007-02-01,57.56,monthly,USD/barrel,brent_oil_usd_bbl,U.S. Energy Information Administration,Europe Brent Spot Price FOB,https://www.eia.gov/dnav/pet/hist/LeafHandler.ashx?n=PET&s=RBRTE&f=M
2007-03-01,62.05,monthly,USD/barrel,brent_oil_usd_bbl,U.S. Energy Information Administration,Europe Brent Spot Price FOB,https://www.eia.gov/dnav/pet/hist/LeafHandler.ashx?n=PET&s=RBRTE&f=M
2007-04-01,67.49,monthly,USD/barrel,brent_oil_usd_bbl,U.S. Energy Information Administration,Europe Brent Spot Price FOB,https://www.eia.gov/dnav/pet/hist/LeafHandler.ashx?n=PET&s=RBRTE&f=M
2007-05-01,67.21,monthly,USD/barrel,brent_oil_usd_bbl,U.S. Energy Information Administration,Europe Brent Spot Price FOB,https://www.eia.gov/dnav/pet/hist/LeafHandler.ashx?n=PET&s=RBRTE&f=M
2007-06-01,71.05,monthly,USD/barrel,brent_oil_usd_bbl,U.S. Energy Information Administration,Europe Brent Spot Price FOB,https://www.eia.gov/dnav/pet/hist/LeafHandler.ashx?n=PET&s=RBRTE&f=M
2007-07-01,76.93,monthly,USD/barrel,brent_oil_usd_bbl,U.S. Energy Information Administration,Europe Brent Spot Price FOB,https://www.eia.gov/dnav/pet/hist/LeafHandler.ashx?n=PET&s=RBRTE&f=M
2007-08-01,70.76,monthly,USD/barrel,brent_oil_usd_bbl,U.S. Energy Information Administration,Europe Brent Spot Price FOB,https://www.eia.gov/dnav/pet/hist/LeafHandler.ashx?n=PET&s=RBRTE&f=M
2007-09-01,77.17,monthly,USD/barrel,brent_oil_usd_bbl,U.S. Energy Information Administration,Europe Brent Spot Price FOB,https://www.eia.gov/dnav/pet/hist/LeafHandler.ashx?n=PET&s=RBRTE&f=M
2007-10-01,82.34,monthly,USD/barrel,brent_oil_usd_bbl,U.S. Energy Information Administration,Europe Brent Spot Price FOB,https://www.eia.gov/dnav/pet/hist/LeafHandler.ashx?n=PET&s=RBRTE&f=M
2007-11-01,92.41,monthly,USD/barrel,brent_oil_usd_bbl,U.S. Energy Information Administration,Europe Brent Spot Price FOB,https://www.eia.gov/dnav/pet/hist/LeafHandler.ashx?n=PET&s=RBRTE&f=M
2007-12-01,90.93,monthly,USD/barrel,brent_oil_usd_bbl,U.S. Energy Information Administration,Europe Brent Spot Price FOB,https://www.eia.gov/dnav/pet/hist/LeafHandler.ashx?n=PET&s=RBRTE&f=M
2008-01-01,92.18,monthly,USD/barrel,brent_oil_usd_bbl,U.S. Energy Information Administration,Europe Brent Spot Price FOB,https://www.eia.gov/dnav/pet/hist/LeafHandler.ashx?n=PET&s=RBRTE&f=M
2008-02-01,94.99,monthly,USD/barrel,brent_oil_usd_bbl,U.S. Energy Information Administration,Europe Brent Spot Price FOB,https://www.eia.gov/dnav/pet/hist/LeafHandler.ashx?n=PET&s=RBRTE&f=M
2008-03-01,103.64,monthly,USD/barrel,brent_oil_usd_bbl,U.S. Energy Information Administration,Europe Brent Spot Price FOB,https://www.eia.gov/dnav/pet/hist/LeafHandler.ashx?n=PET&s=RBRTE&f=M
2008-04-01,109.07,monthly,USD/barrel,brent_oil_usd_bbl,U.S. Energy Information Administration,Europe Brent Spot Price FOB,https://www.eia.gov/dnav/pet/hist/LeafHandler.ashx?n=PET&s=RBRTE&f=M
2008-05-01,122.8,monthly,USD/barrel,brent_oil_usd_bbl,U.S. Energy Information Administration,Europe Brent Spot Price FOB,https://www.eia.gov/dnav/pet/hist/LeafHandler.ashx?n=PET&s=RBRTE&f=M
2008-06-01,132.32,monthly,USD/barrel,brent_oil_usd_bbl,U.S. Energy Information Administration,Europe Brent Spot Price FOB,https://www.eia.gov/dnav/pet/hist/LeafHandler.ashx?n=PET&s=RBRTE&f=M
2008-07-01,132.72,monthly,USD/barrel,brent_oil_usd_bbl,U.S. Energy Information Administration,Europe Brent Spot Price FOB,https://www.eia.gov/dnav/pet/hist/LeafHandler.ashx?n=PET&s=RBRTE&f=M
2008-08-01,113.24,monthly,USD/barrel,brent_oil_usd_bbl,U.S. Energy Information Administration,Europe Brent Spot Price FOB,https://www.eia.gov/dnav/pet/hist/LeafHandler.ashx?n=PET&s=RBRTE&f=M
2008-09-01,97.23,monthly,USD/barrel,brent_oil_usd_bbl,U.S. Energy Information Administration,Europe Brent Spot Price FOB,https://www.eia.gov/dnav/pet/hist/LeafHandler.ashx?n=PET&s=RBRTE&f=M
2008-10-01,71.58,monthly,USD/barrel,brent_oil_usd_bbl,U.S. Energy Information Administration,Europe Brent Spot Price FOB,https://www.eia.gov/dnav/pet/hist/LeafHandler.ashx?n=PET&s=RBRTE&f=M
2008-11-01,52.45,monthly,USD/barrel,brent_oil_usd_bbl,U.S. Energy Information Administration,Europe Brent Spot Price FOB,https://www.eia.gov/dnav/pet/hist/LeafHandler.ashx?n=PET&s=RBRTE&f=M
2008-12-01,39.95,monthly,USD/barrel,brent_oil_usd_bbl,U.S. Energy Information Administration,Europe Brent Spot Price FOB,https://www.eia.gov/dnav/pet/hist/LeafHandler.ashx?n=PET&s=RBRTE&f=M
2009-01-01,43.44,monthly,USD/barrel,brent_oil_usd_bbl,U.S. Energy Information Administration,Europe Brent Spot Price FOB,https://www.eia.gov/dnav/pet/hist/LeafHandler.ashx?n=PET&s=RBRTE&f=M
2009-02-01,43.32,monthly,USD/barrel,brent_oil_usd_bbl,U.S. Energy Information Administration,Europe Brent Spot Price FOB,https://www.eia.gov/dnav/pet/hist/LeafHandler.ashx?n=PET&s=RBRTE&f=M
2009-03-01,46.54,monthly,USD/barrel,brent_oil_usd_bbl,U.S. Energy Information Administration,Europe Brent Spot Price FOB,https://www.eia.gov/dnav/pet/hist/LeafHandler.ashx?n=PET&s=RBRTE&f=M
2009-04-01,50.18,monthly,USD/barrel,brent_oil_usd_bbl,U.S. Energy Information Administration,Europe Brent Spot Price FOB,https://www.eia.gov/dnav/pet/hist/LeafHandler.ashx?n=PET&s=RBRTE&f=M
2009-05-01,57.3,monthly,USD/barrel,brent_oil_usd_bbl,U.S. Energy Information Administration,Europe Brent Spot Price FOB,https://www.eia.gov/dnav/pet/hist/LeafHandler.ashx?n=PET&s=RBRTE&f=M
2009-06-01,68.61,monthly,USD/barrel,brent_oil_usd_bbl,U.S. Energy Information Administration,Europe Brent Spot Price FOB,https://www.eia.gov/dnav/pet/hist/LeafHandler.ashx?n=PET&s=RBRTE&f=M
2009-07-01,64.44,monthly,USD/barrel,brent_oil_usd_bbl,U.S. Energy Information Administration,Europe Brent Spot Price FOB,https://www.eia.gov/dnav/pet/hist/LeafHandler.ashx?n=PET&s=RBRTE&f=M
2009-08-01,72.51,monthly,USD/barrel,brent_oil_usd_bbl,U.S. Energy Information Administration,Europe Brent Spot Price FOB,https://www.eia.gov/dnav/pet/hist/LeafHandler.ashx?n=PET&s=RBRTE&f=M
2009-09-01,67.65,monthly,USD/barrel,brent_oil_usd_bbl,U.S. Energy Information Administration,Europe Brent Spot Price FOB,https://www.eia.gov/dnav/pet/hist/LeafHandler.ashx?n=PET&s=RBRTE&f=M
2009-10-01,72.77,monthly,USD/barrel,brent_oil_usd_bbl,U.S. Energy Information Administration,Europe Brent Spot Price FOB,https://www.eia.gov/dnav/pet/hist/LeafHandler.ashx?n=PET&s=RBRTE&f=M
2009-11-01,76.66,monthly,USD/barrel,brent_oil_usd_bbl,U.S. Energy Information Administration,Europe Brent Spot Price FOB,https://www.eia.gov/dnav/pet/hist/LeafHandler.ashx?n=PET&s=RBRTE&f=M
2009-12-01,74.46,monthly,USD/barrel,brent_oil_usd_bbl,U.S. Energy Information Administration,Europe Brent Spot Price FOB,https://www.eia.gov/dnav/pet/hist/LeafHandler.ashx?n=PET&s=RBRTE&f=M
2010-01-01,76.17,monthly,USD/barrel,brent_oil_usd_bbl,U.S. Energy Information Administration,Europe Brent Spot Price FOB,https://www.eia.gov/dnav/pet/hist/LeafHandler.ashx?n=PET&s=RBRTE&f=M
2010-02-01,73.75,monthly,USD/barrel,brent_oil_usd_bbl,U.S. Energy Information Administration,Europe Brent Spot Price FOB,https://www.eia.gov/dnav/pet/hist/LeafHandler.ashx?n=PET&s=RBRTE&f=M
2010-03-01,78.83,monthly,USD/barrel,brent_oil_usd_bbl,U.S. Energy Information Administration,Europe Brent Spot Price FOB,https://www.eia.gov/dnav/pet/hist/LeafHandler.ashx?n=PET&s=RBRTE&f=M
2010-04-01,84.82,monthly,USD/barrel,brent_oil_usd_bbl,U.S. Energy Information Administration,Europe Brent Spot Price FOB,https://www.eia.gov/dnav/pet/hist/LeafHandler.ashx?n=PET&s=RBRTE&f=M
2010-05-01,75.95,monthly,USD/barrel,brent_oil_usd_bbl,U.S. Energy Information Administration,Europe Brent Spot Price FOB,https://www.eia.gov/dnav/pet/hist/LeafHandler.ashx?n=PET&s=RBRTE&f=M
2010-06-01,74.76,monthly,USD/barrel,brent_oil_usd_bbl,U.S. Energy Information Administration,Europe Brent Spot Price FOB,https://www.eia.gov/dnav/pet/hist/LeafHandler.ashx?n=PET&s=RBRTE&f=M
2010-07-01,75.58,monthly,USD/barrel,brent_oil_usd_bbl,U.S. Energy Information Administration,Europe Brent Spot Price FOB,https://www.eia.gov/dnav/pet/hist/LeafHandler.ashx?n=PET&s=RBRTE&f=M
2010-08-01,77.04,monthly,USD/barrel,brent_oil_usd_bbl,U.S. Energy Information Administration,Europe Brent Spot Price FOB,https://www.eia.gov/dnav/pet/hist/LeafHandler.ashx?n=PET&s=RBRTE&f=M
2010-09-01,77.84,monthly,USD/barrel,brent_oil_usd_bbl,U.S. Energy Information Administration,Europe Brent Spot Price FOB,https://www.eia.gov/dnav/pet/hist/LeafHandler.ashx?n=PET&s=RBRTE&f=M
2010-10-01,82.67,monthly,USD/barrel,brent_oil_usd_bbl,U.S. Energy Information Administration,Europe Brent Spot Price FOB,https://www.eia.gov/dnav/pet/hist/LeafHandler.ashx?n=PET&s=RBRTE&f=M
2010-11-01,85.28,monthly,USD/barrel,brent_oil_usd_bbl,U.S. Energy Information Administration,Europe Brent Spot Price FOB,https://www.eia.gov/dnav/pet/hist/LeafHandler.ashx?n=PET&s=RBRTE&f=M
2010-12-01,91.45,monthly,USD/barrel,brent_oil_usd_bbl,U.S. Energy Information Administration,Europe Brent Spot Price FOB,https://www.eia.gov/dnav/pet/hist/LeafHandler.ashx?n=PET&s=RBRTE&f=M
2011-01-01,96.52,monthly,USD/barrel,brent_oil_usd_bbl,U.S. Energy Information Administration,Europe Brent Spot Price FOB,https://www.eia.gov/dnav/pet/hist/LeafHandler.ashx?n=PET&s=RBRTE&f=M
2011-02-01,103.72,monthly,USD/barrel,brent_oil_usd_bbl,U.S. Energy Information Administration,Europe Brent Spot Price FOB,https://www.eia.gov/dnav/pet/hist/LeafHandler.ashx?n=PET&s=RBRTE&f=M
2011-03-01,114.64,monthly,USD/barrel,brent_oil_usd_bbl,U.S. Energy Information Administration,Europe Brent Spot Price FOB,https://www.eia.gov/dnav/pet/hist/LeafHandler.ashx?n=PET&s=RBRTE&f=M
2011-04-01,123.26,monthly,USD/barrel,brent_oil_usd_bbl,U.S. Energy Information Administration,Europe Brent Spot Price FOB,https://www.eia.gov/dnav/pet/hist/LeafHandler.ashx?n=PET&s=RBRTE&f=M
2011-05-01,114.99,monthly,USD/barrel,brent_oil_usd_bbl,U.S. Energy Information Administration,Europe Brent Spot Price FOB,https://www.eia.gov/dnav/pet/hist/LeafHandler.ashx?n=PET&s=RBRTE&f=M
2011-06-01,113.83,monthly,USD/barrel,brent_oil_usd_bbl,U.S. Energy Information Administration,Europe Brent Spot Price FOB,https://www.eia.gov/dnav/pet/hist/LeafHandler.ashx?n=PET&s=RBRTE&f=M
2011-07-01,116.97,monthly,USD/barrel,brent_oil_usd_bbl,U.S. Energy Information Administration,Europe Brent Spot Price FOB,https://www.eia.gov/dnav/pet/hist/LeafHandler.ashx?n=PET&s=RBRTE&f=M
2011-08-01,110.22,monthly,USD/barrel,brent_oil_usd_bbl,U.S. Energy Information Administration,Europe Brent Spot Price FOB,https://www.eia.gov/dnav/pet/hist/LeafHandler.ashx?n=PET&s=RBRTE&f=M
2011-09-01,112.83,monthly,USD/barrel,brent_oil_usd_bbl,U.S. Energy Information Administration,Europe Brent Spot Price FOB,https://www.eia.gov/dnav/pet/hist/LeafHandler.ashx?n=PET&s=RBRTE&f=M
2011-10-01,109.55,monthly,USD/barrel,brent_oil_usd_bbl,U.S. Energy Information Administration,Europe Brent Spot Price FOB,https://www.eia.gov/dnav/pet/hist/LeafHandler.ashx?n=PET&s=RBRTE&f=M
2011-11-01,110.77,monthly,USD/barrel,brent_oil_usd_bbl,U.S. Energy Information Administration,Europe Brent Spot Price FOB,https://www.eia.gov/dnav/pet/hist/LeafHandler.ashx?n=PET&s=RBRTE&f=M
2011-12-01,107.87,monthly,USD/barrel,brent_oil_usd_bbl,U.S. Energy Information Administration,Europe Brent Spot Price FOB,https://www.eia.gov/dnav/pet/hist/LeafHandler.ashx?n=PET&s=RBRTE&f=M
2012-01-01,110.69,monthly,USD/barrel,brent_oil_usd_bbl,U.S. Energy Information Administration,Europe Brent Spot Price FOB,https://www.eia.gov/dnav/pet/hist/LeafHandler.ashx?n=PET&s=RBRTE&f=M
2012-02-01,119.33,monthly,USD/barrel,brent_oil_usd_bbl,U.S. Energy Information Administration,Europe Brent Spot Price FOB,https://www.eia.gov/dnav/pet/hist/LeafHandler.ashx?n=PET&s=RBRTE&f=M
2012-03-01,125.45,monthly,USD/barrel,brent_oil_usd_bbl,U.S. Energy Information Administration,Europe Brent Spot Price FOB,https://www.eia.gov/dnav/pet/hist/LeafHandler.ashx?n=PET&s=RBRTE&f=M
2012-04-01,119.75,monthly,USD/barrel,brent_oil_usd_bbl,U.S. Energy Information Administration,Europe Brent Spot Price FOB,https://www.eia.gov/dnav/pet/hist/LeafHandler.ashx?n=PET&s=RBRTE&f=M
2012-05-01,110.34,monthly,USD/barrel,brent_oil_usd_bbl,U.S. Energy Information Administration,Europe Brent Spot Price FOB,https://www.eia.gov/dnav/pet/hist/LeafHandler.ashx?n=PET&s=RBRTE&f=M
2012-06-01,95.16,monthly,USD/barrel,brent_oil_usd_bbl,U.S. Energy Information Administration,Europe Brent Spot Price FOB,https://www.eia.gov/dnav/pet/hist/LeafHandler.ashx?n=PET&s=RBRTE&f=M
2012-07-01,102.62,monthly,USD/barrel,brent_oil_usd_bbl,U.S. Energy Information Administration,Europe Brent Spot Price FOB,https://www.eia.gov/dnav/pet/hist/LeafHandler.ashx?n=PET&s=RBRTE&f=M
2012-08-01,113.36,monthly,USD/barrel,brent_oil_usd_bbl,U.S. Energy Information Administration,Europe Brent Spot Price FOB,https://www.eia.gov/dnav/pet/hist/LeafHandler.ashx?n=PET&s=RBRTE&f=M
2012-09-01,112.86,monthly,USD/barrel,brent_oil_usd_bbl,U.S. Energy Information Administration,Europe Brent Spot Price FOB,https://www.eia.gov/dnav/pet/hist/LeafHandler.ashx?n=PET&s=RBRTE&f=M
2012-10-01,111.71,monthly,USD/barrel,brent_oil_usd_bbl,U.S. Energy Information Administration,Europe Brent Spot Price FOB,https://www.eia.gov/dnav/pet/hist/LeafHandler.ashx?n=PET&s=RBRTE&f=M
2012-11-01,109.06,monthly,USD/barrel,brent_oil_usd_bbl,U.S. Energy Information Administration,Europe Brent Spot Price FOB,https://www.eia.gov/dnav/pet/hist/LeafHandler.ashx?n=PET&s=RBRTE&f=M
2012-12-01,109.49,monthly,USD/barrel,brent_oil_usd_bbl,U.S. Energy Information Administration,Europe Brent Spot Price FOB,https://www.eia.gov/dnav/pet/hist/LeafHandler.ashx?n=PET&s=RBRTE&f=M
2013-01-01,112.96,monthly,USD/barrel,brent_oil_usd_bbl,U.S. Energy Information Administration,Europe Brent Spot Price FOB,https://www.eia.gov/dnav/pet/hist/LeafHandler.ashx?n=PET&s=RBRTE&f=M
2013-02-01,116.05,monthly,USD/barrel,brent_oil_usd_bbl,U.S. Energy Information Administration,Europe Brent Spot Price FOB,https://www.eia.gov/dnav/pet/hist/LeafHandler.ashx?n=PET&s=RBRTE&f=M
2013-03-01,108.47,monthly,USD/barrel,brent_oil_usd_bbl,U.S. Energy Information Administration,Europe Brent Spot Price FOB,https://www.eia.gov/dnav/pet/hist/LeafHandler.ashx?n=PET&s=RBRTE&f=M
2013-04-01,102.25,monthly,USD/barrel,brent_oil_usd_bbl,U.S. Energy Information Administration,Europe Brent Spot Price FOB,https://www.eia.gov/dnav/pet/hist/LeafHandler.ashx?n=PET&s=RBRTE&f=M
2013-05-01,102.56,monthly,USD/barrel,brent_oil_usd_bbl,U.S. Energy Information Administration,Europe Brent Spot Price FOB,https://www.eia.gov/dnav/pet/hist/LeafHandler.ashx?n=PET&s=RBRTE&f=M
2013-06-01,102.92,monthly,USD/barrel,brent_oil_usd_bbl,U.S. Energy Information Administration,Europe Brent Spot Price FOB,https://www.eia.gov/dnav/pet/hist/LeafHandler.ashx?n=PET&s=RBRTE&f=M
2013-07-01,107.93,monthly,USD/barrel,brent_oil_usd_bbl,U.S. Energy Information Administration,Europe Brent Spot Price FOB,https://www.eia.gov/dnav/pet/hist/LeafHandler.ashx?n=PET&s=RBRTE&f=M
2013-08-01,111.28,monthly,USD/barrel,brent_oil_usd_bbl,U.S. Energy Information Administration,Europe Brent Spot Price FOB,https://www.eia.gov/dnav/pet/hist/LeafHandler.ashx?n=PET&s=RBRTE&f=M
2013-09-01,111.6,monthly,USD/barrel,brent_oil_usd_bbl,U.S. Energy Information Administration,Europe Brent Spot Price FOB,https://www.eia.gov/dnav/pet/hist/LeafHandler.ashx?n=PET&s=RBRTE&f=M
2013-10-01,109.08,monthly,USD/barrel,brent_oil_usd_bbl,U.S. Energy Information Administration,Europe Brent Spot Price FOB,https://www.eia.gov/dnav/pet/hist/LeafHandler.ashx?n=PET&s=RBRTE&f=M
2013-11-01,107.79,monthly,USD/barrel,brent_oil_usd_bbl,U.S. Energy Information Administration,Europe Brent Spot Price FOB,https://www.eia.gov/dnav/pet/hist/LeafHandler.ashx?n=PET&s=RBRTE&f=M
2013-12-01,110.76,monthly,USD/barrel,brent_oil_usd_bbl,U.S. Energy Information Administration,Europe Brent Spot Price FOB,https://www.eia.gov/dnav/pet/hist/LeafHandler.ashx?n=PET&s=RBRTE&f=M
2014-01-01,108.12,monthly,USD/barrel,brent_oil_usd_bbl,U.S. Energy Information Administration,Europe Brent Spot Price FOB,https://www.eia.gov/dnav/pet/hist/LeafHandler.ashx?n=PET&s=RBRTE&f=M
2014-02-01,108.9,monthly,USD/barrel,brent_oil_usd_bbl,U.S. Energy Information Administration,Europe Brent Spot Price FOB,https://www.eia.gov/dnav/pet/hist/LeafHandler.ashx?n=PET&s=RBRTE&f=M
2014-03-01,107.48,monthly,USD/barrel,brent_oil_usd_bbl,U.S. Energy Information Administration,Europe Brent Spot Price FOB,https://www.eia.gov/dnav/pet/hist/LeafHandler.ashx?n=PET&s=RBRTE&f=M
2014-04-01,107.76,monthly,USD/barrel,brent_oil_usd_bbl,U.S. Energy Information Administration,Europe Brent Spot Price FOB,https://www.eia.gov/dnav/pet/hist/LeafHandler.ashx?n=PET&s=RBRTE&f=M
2014-05-01,109.54,monthly,USD/barrel,brent_oil_usd_bbl,U.S. Energy Information Administration,Europe Brent Spot Price FOB,https://www.eia.gov/dnav/pet/hist/LeafHandler.ashx?n=PET&s=RBRTE&f=M
2014-06-01,111.8,monthly,USD/barrel,brent_oil_usd_bbl,U.S. Energy Information Administration,Europe Brent Spot Price FOB,https://www.eia.gov/dnav/pet/hist/LeafHandler.ashx?n=PET&s=RBRTE&f=M
2014-07-01,106.77,monthly,USD/barrel,brent_oil_usd_bbl,U.S. Energy Information Administration,Europe Brent Spot Price FOB,https://www.eia.gov/dnav/pet/hist/LeafHandler.ashx?n=PET&s=RBRTE&f=M
2014-08-01,101.61,monthly,USD/barrel,brent_oil_usd_bbl,U.S. Energy Information Administration,Europe Brent Spot Price FOB,https://www.eia.gov/dnav/pet/hist/LeafHandler.ashx?n=PET&s=RBRTE&f=M
2014-09-01,97.09,monthly,USD/barrel,brent_oil_usd_bbl,U.S. Energy Information Administration,Europe Brent Spot Price FOB,https://www.eia.gov/dnav/pet/hist/LeafHandler.ashx?n=PET&s=RBRTE&f=M
2014-10-01,87.43,monthly,USD/barrel,brent_oil_usd_bbl,U.S. Energy Information Administration,Europe Brent Spot Price FOB,https://www.eia.gov/dnav/pet/hist/LeafHandler.ashx?n=PET&s=RBRTE&f=M
2014-11-01,79.44,monthly,USD/barrel,brent_oil_usd_bbl,U.S. Energy Information Administration,Europe Brent Spot Price FOB,https://www.eia.gov/dnav/pet/hist/LeafHandler.ashx?n=PET&s=RBRTE&f=M
2014-12-01,62.34,monthly,USD/barrel,brent_oil_usd_bbl,U.S. Energy Information Administration,Europe Brent Spot Price FOB,https://www.eia.gov/dnav/pet/hist/LeafHandler.ashx?n=PET&s=RBRTE&f=M
2015-01-01,47.76,monthly,USD/barrel,brent_oil_usd_bbl,U.S. Energy Information Administration,Europe Brent Spot Price FOB,https://www.eia.gov/dnav/pet/hist/LeafHandler.ashx?n=PET&s=RBRTE&f=M
2015-02-01,58.1,monthly,USD/barrel,brent_oil_usd_bbl,U.S. Energy Information Administration,Europe Brent Spot Price FOB,https://www.eia.gov/dnav/pet/hist/LeafHandler.ashx?n=PET&s=RBRTE&f=M
2015-03-01,55.89,monthly,USD/barrel,brent_oil_usd_bbl,U.S. Energy Information Administration,Europe Brent Spot Price FOB,https://www.eia.gov/dnav/pet/hist/LeafHandler.ashx?n=PET&s=RBRTE&f=M
2015-04-01,59.52,monthly,USD/barrel,brent_oil_usd_bbl,U.S. Energy Information Administration,Europe Brent Spot Price FOB,https://www.eia.gov/dnav/pet/hist/LeafHandler.ashx?n=PET&s=RBRTE&f=M
2015-05-01,64.08,monthly,USD/barrel,brent_oil_usd_bbl,U.S. Energy Information Administration,Europe Brent Spot Price FOB,https://www.eia.gov/dnav/pet/hist/LeafHandler.ashx?n=PET&s=RBRTE&f=M
2015-06-01,61.48,monthly,USD/barrel,brent_oil_usd_bbl,U.S. Energy Information Administration,Europe Brent Spot Price FOB,https://www.eia.gov/dnav/pet/hist/LeafHandler.ashx?n=PET&s=RBRTE&f=M
2015-07-01,56.56,monthly,USD/barrel,brent_oil_usd_bbl,U.S. Energy Information Administration,Europe Brent Spot Price FOB,https://www.eia.gov/dnav/pet/hist/LeafHandler.ashx?n=PET&s=RBRTE&f=M
2015-08-01,46.52,monthly,USD/barrel,brent_oil_usd_bbl,U.S. Energy Information Administration,Europe Brent Spot Price FOB,https://www.eia.gov/dnav/pet/hist/LeafHandler.ashx?n=PET&s=RBRTE&f=M
2015-09-01,47.62,monthly,USD/barrel,brent_oil_usd_bbl,U.S. Energy Information Administration,Europe Brent Spot Price FOB,https://www.eia.gov/dnav/pet/hist/LeafHandler.ashx?n=PET&s=RBRTE&f=M
2015-10-01,48.43,monthly,USD/barrel,brent_oil_usd_bbl,U.S. Energy Information Administration,Europe Brent Spot Price FOB,https://www.eia.gov/dnav/pet/hist/LeafHandler.ashx?n=PET&s=RBRTE&f=M
2015-11-01,44.27,monthly,USD/barrel,brent_oil_usd_bbl,U.S. Energy Information Administration,Europe Brent Spot Price FOB,https://www.eia.gov/dnav/pet/hist/LeafHandler.ashx?n=PET&s=RBRTE&f=M
2015-12-01,38.01,monthly,USD/barrel,brent_oil_usd_bbl,U.S. Energy Information Administration,Europe Brent Spot Price FOB,https://www.eia.gov/dnav/pet/hist/LeafHandler.ashx?n=PET&s=RBRTE&f=M
2016-01-01,30.7,monthly,USD/barrel,brent_oil_usd_bbl,U.S. Energy Information Administration,Europe Brent Spot Price FOB,https://www.eia.gov/dnav/pet/hist/LeafHandler.ashx?n=PET&s=RBRTE&f=M
2016-02-01,32.18,monthly,USD/barrel,brent_oil_usd_bbl,U.S. Energy Information Administration,Europe Brent Spot Price FOB,https://www.eia.gov/dnav/pet/hist/LeafHandler.ashx?n=PET&s=RBRTE&f=M
2016-03-01,38.21,monthly,USD/barrel,brent_oil_usd_bbl,U.S. Energy Information Administration,Europe Brent Spot Price FOB,https://www.eia.gov/dnav/pet/hist/LeafHandler.ashx?n=PET&s=RBRTE&f=M
2016-04-01,41.58,monthly,USD/barrel,brent_oil_usd_bbl,U.S. Energy Information Administration,Europe Brent Spot Price FOB,https://www.eia.gov/dnav/pet/hist/LeafHandler.ashx?n=PET&s=RBRTE&f=M
2016-05-01,46.74,monthly,USD/barrel,brent_oil_usd_bbl,U.S. Energy Information Administration,Europe Brent Spot Price FOB,https://www.eia.gov/dnav/pet/hist/LeafHandler.ashx?n=PET&s=RBRTE&f=M
2016-06-01,48.25,monthly,USD/barrel,brent_oil_usd_bbl,U.S. Energy Information Administration,Europe Brent Spot Price FOB,https://www.eia.gov/dnav/pet/hist/LeafHandler.ashx?n=PET&s=RBRTE&f=M
2016-07-01,44.95,monthly,USD/barrel,brent_oil_usd_bbl,U.S. Energy Information Administration,Europe Brent Spot Price FOB,https://www.eia.gov/dnav/pet/hist/LeafHandler.ashx?n=PET&s=RBRTE&f=M
2016-08-01,45.84,monthly,USD/barrel,brent_oil_usd_bbl,U.S. Energy Information Administration,Europe Brent Spot Price FOB,https://www.eia.gov/dnav/pet/hist/LeafHandler.ashx?n=PET&s=RBRTE&f=M
2016-09-01,46.57,monthly,USD/barrel,brent_oil_usd_bbl,U.S. Energy Information Administration,Europe Brent Spot Price FOB,https://www.eia.gov/dnav/pet/hist/LeafHandler.ashx?n=PET&s=RBRTE&f=M
2016-10-01,49.52,monthly,USD/barrel,brent_oil_usd_bbl,U.S. Energy Information Administration,Europe Brent Spot Price FOB,https://www.eia.gov/dnav/pet/hist/LeafHandler.ashx?n=PET&s=RBRTE&f=M
2016-11-01,44.73,monthly,USD/barrel,brent_oil_usd_bbl,U.S. Energy Information Administration,Europe Brent Spot Price FOB,https://www.eia.gov/dnav/pet/hist/LeafHandler.ashx?n=PET&s=RBRTE&f=M
2016-12-01,53.31,monthly,USD/barrel,brent_oil_usd_bbl,U.S. Energy Information Administration,Europe Brent Spot Price FOB,https://www.eia.gov/dnav/pet/hist/LeafHandler.ashx?n=PET&s=RBRTE&f=M
2017-01-01,54.58,monthly,USD/barrel,brent_oil_usd_bbl,U.S. Energy Information Administration,Europe Brent Spot Price FOB,https://www.eia.gov/dnav/pet/hist/LeafHandler.ashx?n=PET&s=RBRTE&f=M
2017-02-01,54.87,monthly,USD/barrel,brent_oil_usd_bbl,U.S. Energy Information Administration,Europe Brent Spot Price FOB,https://www.eia.gov/dnav/pet/hist/LeafHandler.ashx?n=PET&s=RBRTE&f=M
2017-03-01,51.59,monthly,USD/barrel,brent_oil_usd_bbl,U.S. Energy Information Administration,Europe Brent Spot Price FOB,https://www.eia.gov/dnav/pet/hist/LeafHandler.ashx?n=PET&s=RBRTE&f=M
2017-04-01,52.31,monthly,USD/barrel,brent_oil_usd_bbl,U.S. Energy Information Administration,Europe Brent Spot Price FOB,https://www.eia.gov/dnav/pet/hist/LeafHandler.ashx?n=PET&s=RBRTE&f=M
2017-05-01,50.33,monthly,USD/barrel,brent_oil_usd_bbl,U.S. Energy Information Administration,Europe Brent Spot Price FOB,https://www.eia.gov/dnav/pet/hist/LeafHandler.ashx?n=PET&s=RBRTE&f=M
2017-06-01,46.37,monthly,USD/barrel,brent_oil_usd_bbl,U.S. Energy Information Administration,Europe Brent Spot Price FOB,https://www.eia.gov/dnav/pet/hist/LeafHandler.ashx?n=PET&s=RBRTE&f=M
2017-07-01,48.48,monthly,USD/barrel,brent_oil_usd_bbl,U.S. Energy Information Administration,Europe Brent Spot Price FOB,https://www.eia.gov/dnav/pet/hist/LeafHandler.ashx?n=PET&s=RBRTE&f=M
2017-08-01,51.7,monthly,USD/barrel,brent_oil_usd_bbl,U.S. Energy Information Administration,Europe Brent Spot Price FOB,https://www.eia.gov/dnav/pet/hist/LeafHandler.ashx?n=PET&s=RBRTE&f=M
2017-09-01,56.15,monthly,USD/barrel,brent_oil_usd_bbl,U.S. Energy Information Administration,Europe Brent Spot Price FOB,https://www.eia.gov/dnav/pet/hist/LeafHandler.ashx?n=PET&s=RBRTE&f=M
2017-10-01,57.51,monthly,USD/barrel,brent_oil_usd_bbl,U.S. Energy Information Administration,Europe Brent Spot Price FOB,https://www.eia.gov/dnav/pet/hist/LeafHandler.ashx?n=PET&s=RBRTE&f=M
2017-11-01,62.71,monthly,USD/barrel,brent_oil_usd_bbl,U.S. Energy Information Administration,Europe Brent Spot Price FOB,https://www.eia.gov/dnav/pet/hist/LeafHandler.ashx?n=PET&s=RBRTE&f=M
2017-12-01,64.37,monthly,USD/barrel,brent_oil_usd_bbl,U.S. Energy Information Administration,Europe Brent Spot Price FOB,https://www.eia.gov/dnav/pet/hist/LeafHandler.ashx?n=PET&s=RBRTE&f=M
2018-01-01,69.08,monthly,USD/barrel,brent_oil_usd_bbl,U.S. Energy Information Administration,Europe Brent Spot Price FOB,https://www.eia.gov/dnav/pet/hist/LeafHandler.ashx?n=PET&s=RBRTE&f=M
2018-02-01,65.32,monthly,USD/barrel,brent_oil_usd_bbl,U.S. Energy Information Administration,Europe Brent Spot Price FOB,https://www.eia.gov/dnav/pet/hist/LeafHandler.ashx?n=PET&s=RBRTE&f=M
2018-03-01,66.02,monthly,USD/barrel,brent_oil_usd_bbl,U.S. Energy Information Administration,Europe Brent Spot Price FOB,https://www.eia.gov/dnav/pet/hist/LeafHandler.ashx?n=PET&s=RBRTE&f=M
2018-04-01,72.11,monthly,USD/barrel,brent_oil_usd_bbl,U.S. Energy Information Administration,Europe Brent Spot Price FOB,https://www.eia.gov/dnav/pet/hist/LeafHandler.ashx?n=PET&s=RBRTE&f=M
2018-05-01,76.98,monthly,USD/barrel,brent_oil_usd_bbl,U.S. Energy Information Administration,Europe Brent Spot Price FOB,https://www.eia.gov/dnav/pet/hist/LeafHandler.ashx?n=PET&s=RBRTE&f=M
2018-06-01,74.41,monthly,USD/barrel,brent_oil_usd_bbl,U.S. Energy Information Administration,Europe Brent Spot Price FOB,https://www.eia.gov/dnav/pet/hist/LeafHandler.ashx?n=PET&s=RBRTE&f=M
2018-07-01,74.25,monthly,USD/barrel,brent_oil_usd_bbl,U.S. Energy Information Administration,Europe Brent Spot Price FOB,https://www.eia.gov/dnav/pet/hist/LeafHandler.ashx?n=PET&s=RBRTE&f=M
2018-08-01,72.53,monthly,USD/barrel,brent_oil_usd_bbl,U.S. Energy Information Administration,Europe Brent Spot Price FOB,https://www.eia.gov/dnav/pet/hist/LeafHandler.ashx?n=PET&s=RBRTE&f=M
2018-09-01,78.89,monthly,USD/barrel,brent_oil_usd_bbl,U.S. Energy Information Administration,Europe Brent Spot Price FOB,https://www.eia.gov/dnav/pet/hist/LeafHandler.ashx?n=PET&s=RBRTE&f=M
2018-10-01,81.03,monthly,USD/barrel,brent_oil_usd_bbl,U.S. Energy Information Administration,Europe Brent Spot Price FOB,https://www.eia.gov/dnav/pet/hist/LeafHandler.ashx?n=PET&s=RBRTE&f=M
2018-11-01,64.75,monthly,USD/barrel,brent_oil_usd_bbl,U.S. Energy Information Administration,Europe Brent Spot Price FOB,https://www.eia.gov/dnav/pet/hist/LeafHandler.ashx?n=PET&s=RBRTE&f=M
2018-12-01,57.36,monthly,USD/barrel,brent_oil_usd_bbl,U.S. Energy Information Administration,Europe Brent Spot Price FOB,https://www.eia.gov/dnav/pet/hist/LeafHandler.ashx?n=PET&s=RBRTE&f=M
2019-01-01,59.41,monthly,USD/barrel,brent_oil_usd_bbl,U.S. Energy Information Administration,Europe Brent Spot Price FOB,https://www.eia.gov/dnav/pet/hist/LeafHandler.ashx?n=PET&s=RBRTE&f=M
2019-02-01,63.96,monthly,USD/barrel,brent_oil_usd_bbl,U.S. Energy Information Administration,Europe Brent Spot Price FOB,https://www.eia.gov/dnav/pet/hist/LeafHandler.ashx?n=PET&s=RBRTE&f=M
2019-03-01,66.14,monthly,USD/barrel,brent_oil_usd_bbl,U.S. Energy Information Administration,Europe Brent Spot Price FOB,https://www.eia.gov/dnav/pet/hist/LeafHandler.ashx?n=PET&s=RBRTE&f=M
2019-04-01,71.23,monthly,USD/barrel,brent_oil_usd_bbl,U.S. Energy Information Administration,Europe Brent Spot Price FOB,https://www.eia.gov/dnav/pet/hist/LeafHandler.ashx?n=PET&s=RBRTE&f=M
2019-05-01,71.32,monthly,USD/barrel,brent_oil_usd_bbl,U.S. Energy Information Administration,Europe Brent Spot Price FOB,https://www.eia.gov/dnav/pet/hist/LeafHandler.ashx?n=PET&s=RBRTE&f=M
2019-06-01,64.22,monthly,USD/barrel,brent_oil_usd_bbl,U.S. Energy Information Administration,Europe Brent Spot Price FOB,https://www.eia.gov/dnav/pet/hist/LeafHandler.ashx?n=PET&s=RBRTE&f=M
2019-07-01,63.92,monthly,USD/barrel,brent_oil_usd_bbl,U.S. Energy Information Administration,Europe Brent Spot Price FOB,https://www.eia.gov/dnav/pet/hist/LeafHandler.ashx?n=PET&s=RBRTE&f=M
2019-08-01,59.04,monthly,USD/barrel,brent_oil_usd_bbl,U.S. Energy Information Administration,Europe Brent Spot Price FOB,https://www.eia.gov/dnav/pet/hist/LeafHandler.ashx?n=PET&s=RBRTE&f=M
2019-09-01,62.83,monthly,USD/barrel,brent_oil_usd_bbl,U.S. Energy Information Administration,Europe Brent Spot Price FOB,https://www.eia.gov/dnav/pet/hist/LeafHandler.ashx?n=PET&s=RBRTE&f=M
2019-10-01,59.71,monthly,USD/barrel,brent_oil_usd_bbl,U.S. Energy Information Administration,Europe Brent Spot Price FOB,https://www.eia.gov/dnav/pet/hist/LeafHandler.ashx?n=PET&s=RBRTE&f=M
2019-11-01,63.21,monthly,USD/barrel,brent_oil_usd_bbl,U.S. Energy Information Administration,Europe Brent Spot Price FOB,https://www.eia.gov/dnav/pet/hist/LeafHandler.ashx?n=PET&s=RBRTE&f=M
2019-12-01,67.31,monthly,USD/barrel,brent_oil_usd_bbl,U.S. Energy Information Administration,Europe Brent Spot Price FOB,https://www.eia.gov/dnav/pet/hist/LeafHandler.ashx?n=PET&s=RBRTE&f=M
2020-01-01,63.65,monthly,USD/barrel,brent_oil_usd_bbl,U.S. Energy Information Administration,Europe Brent Spot Price FOB,https://www.eia.gov/dnav/pet/hist/LeafHandler.ashx?n=PET&s=RBRTE&f=M
2020-02-01,55.66,monthly,USD/barrel,brent_oil_usd_bbl,U.S. Energy Information Administration,Europe Brent Spot Price FOB,https://www.eia.gov/dnav/pet/hist/LeafHandler.ashx?n=PET&s=RBRTE&f=M
2020-03-01,32.01,monthly,USD/barrel,brent_oil_usd_bbl,U.S. Energy Information Administration,Europe Brent Spot Price FOB,https://www.eia.gov/dnav/pet/hist/LeafHandler.ashx?n=PET&s=RBRTE&f=M
2020-04-01,18.38,monthly,USD/barrel,brent_oil_usd_bbl,U.S. Energy Information Administration,Europe Brent Spot Price FOB,https://www.eia.gov/dnav/pet/hist/LeafHandler.ashx?n=PET&s=RBRTE&f=M
2020-05-01,29.38,monthly,USD/barrel,brent_oil_usd_bbl,U.S. Energy Information Administration,Europe Brent Spot Price FOB,https://www.eia.gov/dnav/pet/hist/LeafHandler.ashx?n=PET&s=RBRTE&f=M
2020-06-01,40.27,monthly,USD/barrel,brent_oil_usd_bbl,U.S. Energy Information Administration,Europe Brent Spot Price FOB,https://www.eia.gov/dnav/pet/hist/LeafHandler.ashx?n=PET&s=RBRTE&f=M
2020-07-01,43.24,monthly,USD/barrel,brent_oil_usd_bbl,U.S. Energy Information Administration,Europe Brent Spot Price FOB,https://www.eia.gov/dnav/pet/hist/LeafHandler.ashx?n=PET&s=RBRTE&f=M
2020-08-01,44.74,monthly,USD/barrel,brent_oil_usd_bbl,U.S. Energy Information Administration,Europe Brent Spot Price FOB,https://www.eia.gov/dnav/pet/hist/LeafHandler.ashx?n=PET&s=RBRTE&f=M
2020-09-01,40.91,monthly,USD/barrel,brent_oil_usd_bbl,U.S. Energy Information Administration,Europe Brent Spot Price FOB,https://www.eia.gov/dnav/pet/hist/LeafHandler.ashx?n=PET&s=RBRTE&f=M
2020-10-01,40.19,monthly,USD/barrel,brent_oil_usd_bbl,U.S. Energy Information Administration,Europe Brent Spot Price FOB,https://www.eia.gov/dnav/pet/hist/LeafHandler.ashx?n=PET&s=RBRTE&f=M
2020-11-01,42.69,monthly,USD/barrel,brent_oil_usd_bbl,U.S. Energy Information Administration,Europe Brent Spot Price FOB,https://www.eia.gov/dnav/pet/hist/LeafHandler.ashx?n=PET&s=RBRTE&f=M
2020-12-01,49.99,monthly,USD/barrel,brent_oil_usd_bbl,U.S. Energy Information Administration,Europe Brent Spot Price FOB,https://www.eia.gov/dnav/pet/hist/LeafHandler.ashx?n=PET&s=RBRTE&f=M
2021-01-01,54.77,monthly,USD/barrel,brent_oil_usd_bbl,U.S. Energy Information Administration,Europe Brent Spot Price FOB,https://www.eia.gov/dnav/pet/hist/LeafHandler.ashx?n=PET&s=RBRTE&f=M
2021-02-01,62.28,monthly,USD/barrel,brent_oil_usd_bbl,U.S. Energy Information Administration,Europe Brent Spot Price FOB,https://www.eia.gov/dnav/pet/hist/LeafHandler.ashx?n=PET&s=RBRTE&f=M
2021-03-01,65.41,monthly,USD/barrel,brent_oil_usd_bbl,U.S. Energy Information Administration,Europe Brent Spot Price FOB,https://www.eia.gov/dnav/pet/hist/LeafHandler.ashx?n=PET&s=RBRTE&f=M
2021-04-01,64.81,monthly,USD/barrel,brent_oil_usd_bbl,U.S. Energy Information Administration,Europe Brent Spot Price FOB,https://www.eia.gov/dnav/pet/hist/LeafHandler.ashx?n=PET&s=RBRTE&f=M
2021-05-01,68.53,monthly,USD/barrel,brent_oil_usd_bbl,U.S. Energy Information Administration,Europe Brent Spot Price FOB,https://www.eia.gov/dnav/pet/hist/LeafHandler.ashx?n=PET&s=RBRTE&f=M
2021-06-01,73.16,monthly,USD/barrel,brent_oil_usd_bbl,U.S. Energy Information Administration,Europe Brent Spot Price FOB,https://www.eia.gov/dnav/pet/hist/LeafHandler.ashx?n=PET&s=RBRTE&f=M
2021-07-01,75.17,monthly,USD/barrel,brent_oil_usd_bbl,U.S. Energy Information Administration,Europe Brent Spot Price FOB,https://www.eia.gov/dnav/pet/hist/LeafHandler.ashx?n=PET&s=RBRTE&f=M
2021-08-01,70.75,monthly,USD/barrel,brent_oil_usd_bbl,U.S. Energy Information Administration,Europe Brent Spot Price FOB,https://www.eia.gov/dnav/pet/hist/LeafHandler.ashx?n=PET&s=RBRTE&f=M
2021-09-01,74.49,monthly,USD/barrel,brent_oil_usd_bbl,U.S. Energy Information Administration,Europe Brent Spot Price FOB,https://www.eia.gov/dnav/pet/hist/LeafHandler.ashx?n=PET&s=RBRTE&f=M
2021-10-01,83.54,monthly,USD/barrel,brent_oil_usd_bbl,U.S. Energy Information Administration,Europe Brent Spot Price FOB,https://www.eia.gov/dnav/pet/hist/LeafHandler.ashx?n=PET&s=RBRTE&f=M
2021-11-01,81.05,monthly,USD/barrel,brent_oil_usd_bbl,U.S. Energy Information Administration,Europe Brent Spot Price FOB,https://www.eia.gov/dnav/pet/hist/LeafHandler.ashx?n=PET&s=RBRTE&f=M
2021-12-01,74.17,monthly,USD/barrel,brent_oil_usd_bbl,U.S. Energy Information Administration,Europe Brent Spot Price FOB,https://www.eia.gov/dnav/pet/hist/LeafHandler.ashx?n=PET&s=RBRTE&f=M
2022-01-01,86.51,monthly,USD/barrel,brent_oil_usd_bbl,U.S. Energy Information Administration,Europe Brent Spot Price FOB,https://www.eia.gov/dnav/pet/hist/LeafHandler.ashx?n=PET&s=RBRTE&f=M
2022-02-01,97.13,monthly,USD/barrel,brent_oil_usd_bbl,U.S. Energy Information Administration,Europe Brent Spot Price FOB,https://www.eia.gov/dnav/pet/hist/LeafHandler.ashx?n=PET&s=RBRTE&f=M
2022-03-01,117.25,monthly,USD/barrel,brent_oil_usd_bbl,U.S. Energy Information Administration,Europe Brent Spot Price FOB,https://www.eia.gov/dnav/pet/hist/LeafHandler.ashx?n=PET&s=RBRTE&f=M
2022-04-01,104.58,monthly,USD/barrel,brent_oil_usd_bbl,U.S. Energy Information Administration,Europe Brent Spot Price FOB,https://www.eia.gov/dnav/pet/hist/LeafHandler.ashx?n=PET&s=RBRTE&f=M
2022-05-01,113.34,monthly,USD/barrel,brent_oil_usd_bbl,U.S. Energy Information Administration,Europe Brent Spot Price FOB,https://www.eia.gov/dnav/pet/hist/LeafHandler.ashx?n=PET&s=RBRTE&f=M
2022-06-01,122.71,monthly,USD/barrel,brent_oil_usd_bbl,U.S. Energy Information Administration,Europe Brent Spot Price FOB,https://www.eia.gov/dnav/pet/hist/LeafHandler.ashx?n=PET&s=RBRTE&f=M
2022-07-01,111.93,monthly,USD/barrel,brent_oil_usd_bbl,U.S. Energy Information Administration,Europe Brent Spot Price FOB,https://www.eia.gov/dnav/pet/hist/LeafHandler.ashx?n=PET&s=RBRTE&f=M
2022-08-01,100.45,monthly,USD/barrel,brent_oil_usd_bbl,U.S. Energy Information Administration,Europe Brent Spot Price FOB,https://www.eia.gov/dnav/pet/hist/LeafHandler.ashx?n=PET&s=RBRTE&f=M
2022-09-01,89.76,monthly,USD/barrel,brent_oil_usd_bbl,U.S. Energy Information Administration,Europe Brent Spot Price FOB,https://www.eia.gov/dnav/pet/hist/LeafHandler.ashx?n=PET&s=RBRTE&f=M
2022-10-01,93.33,monthly,USD/barrel,brent_oil_usd_bbl,U.S. Energy Information Administration,Europe Brent Spot Price FOB,https://www.eia.gov/dnav/pet/hist/LeafHandler.ashx?n=PET&s=RBRTE&f=M
2022-11-01,91.42,monthly,USD/barrel,brent_oil_usd_bbl,U.S. Energy Information Administration,Europe Brent Spot Price FOB,https://www.eia.gov/dnav/pet/hist/LeafHandler.ashx?n=PET&s=RBRTE&f=M
2022-12-01,80.92,monthly,USD/barrel,brent_oil_usd_bbl,U.S. Energy Information Administration,Europe Brent Spot Price FOB,https://www.eia.gov/dnav/pet/hist/LeafHandler.ashx?n=PET&s=RBRTE&f=M
2023-01-01,82.5,monthly,USD/barrel,brent_oil_usd_bbl,U.S. Energy Information Administration,Europe Brent Spot Price FOB,https://www.eia.gov/dnav/pet/hist/LeafHandler.ashx?n=PET&s=RBRTE&f=M
2023-02-01,82.59,monthly,USD/barrel,brent_oil_usd_bbl,U.S. Energy Information Administration,Europe Brent Spot Price FOB,https://www.eia.gov/dnav/pet/hist/LeafHandler.ashx?n=PET&s=RBRTE&f=M
2023-03-01,78.43,monthly,USD/barrel,brent_oil_usd_bbl,U.S. Energy Information Administration,Europe Brent Spot Price FOB,https://www.eia.gov/dnav/pet/hist/LeafHandler.ashx?n=PET&s=RBRTE&f=M
2023-04-01,84.64,monthly,USD/barrel,brent_oil_usd_bbl,U.S. Energy Information Administration,Europe Brent Spot Price FOB,https://www.eia.gov/dnav/pet/hist/LeafHandler.ashx?n=PET&s=RBRTE&f=M
2023-05-01,75.47,monthly,USD/barrel,brent_oil_usd_bbl,U.S. Energy Information Administration,Europe Brent Spot Price FOB,https://www.eia.gov/dnav/pet/hist/LeafHandler.ashx?n=PET&s=RBRTE&f=M
2023-06-01,74.84,monthly,USD/barrel,brent_oil_usd_bbl,U.S. Energy Information Administration,Europe Brent Spot Price FOB,https://www.eia.gov/dnav/pet/hist/LeafHandler.ashx?n=PET&s=RBRTE&f=M
2023-07-01,80.11,monthly,USD/barrel,brent_oil_usd_bbl,U.S. Energy Information Administration,Europe Brent Spot Price FOB,https://www.eia.gov/dnav/pet/hist/LeafHandler.ashx?n=PET&s=RBRTE&f=M
2023-08-01,86.15,monthly,USD/barrel,brent_oil_usd_bbl,U.S. Energy Information Administration,Europe Brent Spot Price FOB,https://www.eia.gov/dnav/pet/hist/LeafHandler.ashx?n=PET&s=RBRTE&f=M
2023-09-01,93.72,monthly,USD/barrel,brent_oil_usd_bbl,U.S. Energy Information Administration,Europe Brent Spot Price FOB,https://www.eia.gov/dnav/pet/hist/LeafHandler.ashx?n=PET&s=RBRTE&f=M
2023-10-01,90.6,monthly,USD/barrel,brent_oil_usd_bbl,U.S. Energy Information Administration,Europe Brent Spot Price FOB,https://www.eia.gov/dnav/pet/hist/LeafHandler.ashx?n=PET&s=RBRTE&f=M
2023-11-01,82.94,monthly,USD/barrel,brent_oil_usd_bbl,U.S. Energy Information Administration,Europe Brent Spot Price FOB,https://www.eia.gov/dnav/pet/hist/LeafHandler.ashx?n=PET&s=RBRTE&f=M
2023-12-01,77.63,monthly,USD/barrel,brent_oil_usd_bbl,U.S. Energy Information Administration,Europe Brent Spot Price FOB,https://www.eia.gov/dnav/pet/hist/LeafHandler.ashx?n=PET&s=RBRTE&f=M
2024-01-01,80.12,monthly,USD/barrel,brent_oil_usd_bbl,U.S. Energy Information Administration,Europe Brent Spot Price FOB,https://www.eia.gov/dnav/pet/hist/LeafHandler.ashx?n=PET&s=RBRTE&f=M
2024-02-01,83.48,monthly,USD/barrel,brent_oil_usd_bbl,U.S. Energy Information Administration,Europe Brent Spot Price FOB,https://www.eia.gov/dnav/pet/hist/LeafHandler.ashx?n=PET&s=RBRTE&f=M
2024-03-01,85.41,monthly,USD/barrel,brent_oil_usd_bbl,U.S. Energy Information Administration,Europe Brent Spot Price FOB,https://www.eia.gov/dnav/pet/hist/LeafHandler.ashx?n=PET&s=RBRTE&f=M
2024-04-01,89.94,monthly,USD/barrel,brent_oil_usd_bbl,U.S. Energy Information Administration,Europe Brent Spot Price FOB,https://www.eia.gov/dnav/pet/hist/LeafHandler.ashx?n=PET&s=RBRTE&f=M
2024-05-01,81.75,monthly,USD/barrel,brent_oil_usd_bbl,U.S. Energy Information Administration,Europe Brent Spot Price FOB,https://www.eia.gov/dnav/pet/hist/LeafHandler.ashx?n=PET&s=RBRTE&f=M
2024-06-01,82.25,monthly,USD/barrel,brent_oil_usd_bbl,U.S. Energy Information Administration,Europe Brent Spot Price FOB,https://www.eia.gov/dnav/pet/hist/LeafHandler.ashx?n=PET&s=RBRTE&f=M
2024-07-01,85.15,monthly,USD/barrel,brent_oil_usd_bbl,U.S. Energy Information Administration,Europe Brent Spot Price FOB,https://www.eia.gov/dnav/pet/hist/LeafHandler.ashx?n=PET&s=RBRTE&f=M
2024-08-01,80.36,monthly,USD/barrel,brent_oil_usd_bbl,U.S. Energy Information Administration,Europe Brent Spot Price FOB,https://www.eia.gov/dnav/pet/hist/LeafHandler.ashx?n=PET&s=RBRTE&f=M
2024-09-01,74.02,monthly,USD/barrel,brent_oil_usd_bbl,U.S. Energy Information Administration,Europe Brent Spot Price FOB,https://www.eia.gov/dnav/pet/hist/LeafHandler.ashx?n=PET&s=RBRTE&f=M
2024-10-01,75.63,monthly,USD/barrel,brent_oil_usd_bbl,U.S. Energy Information Administration,Europe Brent Spot Price FOB,https://www.eia.gov/dnav/pet/hist/LeafHandler.ashx?n=PET&s=RBRTE&f=M
2024-11-01,74.35,monthly,USD/barrel,brent_oil_usd_bbl,U.S. Energy Information Administration,Europe Brent Spot Price FOB,https://www.eia.gov/dnav/pet/hist/LeafHandler.ashx?n=PET&s=RBRTE&f=M
2024-12-01,73.86,monthly,USD/barrel,brent_oil_usd_bbl,U.S. Energy Information Administration,Europe Brent Spot Price FOB,https://www.eia.gov/dnav/pet/hist/LeafHandler.ashx?n=PET&s=RBRTE&f=M
2025-01-01,79.27,monthly,USD/barrel,brent_oil_usd_bbl,U.S. Energy Information Administration,Europe Brent Spot Price FOB,https://www.eia.gov/dnav/pet/hist/LeafHandler.ashx?n=PET&s=RBRTE&f=M
2025-02-01,75.44,monthly,USD/barrel,brent_oil_usd_bbl,U.S. Energy Information Administration,Europe Brent Spot Price FOB,https://www.eia.gov/dnav/pet/hist/LeafHandler.ashx?n=PET&s=RBRTE&f=M
2025-03-01,72.73,monthly,USD/barrel,brent_oil_usd_bbl,U.S. Energy Information Administration,Europe Brent Spot Price FOB,https://www.eia.gov/dnav/pet/hist/LeafHandler.ashx?n=PET&s=RBRTE&f=M
2025-04-01,68.13,monthly,USD/barrel,brent_oil_usd_bbl,U.S. Energy Information Administration,Europe Brent Spot Price FOB,https://www.eia.gov/dnav/pet/hist/LeafHandler.ashx?n=PET&s=RBRTE&f=M
2025-05-01,64.45,monthly,USD/barrel,brent_oil_usd_bbl,U.S. Energy Information Administration,Europe Brent Spot Price FOB,https://www.eia.gov/dnav/pet/hist/LeafHandler.ashx?n=PET&s=RBRTE&f=M
2025-06-01,71.44,monthly,USD/barrel,brent_oil_usd_bbl,U.S. Energy Information Administration,Europe Brent Spot Price FOB,https://www.eia.gov/dnav/pet/hist/LeafHandler.ashx?n=PET&s=RBRTE&f=M
2025-07-01,71.04,monthly,USD/barrel,brent_oil_usd_bbl,U.S. Energy Information Administration,Europe Brent Spot Price FOB,https://www.eia.gov/dnav/pet/hist/LeafHandler.ashx?n=PET&s=RBRTE&f=M
2025-08-01,67.87,monthly,USD/barrel,brent_oil_usd_bbl,U.S. Energy Information Administration,Europe Brent Spot Price FOB,https://www.eia.gov/dnav/pet/hist/LeafHandler.ashx?n=PET&s=RBRTE&f=M
2025-09-01,67.99,monthly,USD/barrel,brent_oil_usd_bbl,U.S. Energy Information Administration,Europe Brent Spot Price FOB,https://www.eia.gov/dnav/pet/hist/LeafHandler.ashx?n=PET&s=RBRTE&f=M
2025-10-01,64.54,monthly,USD/barrel,brent_oil_usd_bbl,U.S. Energy Information Administration,Europe Brent Spot Price FOB,https://www.eia.gov/dnav/pet/hist/LeafHandler.ashx?n=PET&s=RBRTE&f=M
2025-11-01,63.8,monthly,USD/barrel,brent_oil_usd_bbl,U.S. Energy Information Administration,Europe Brent Spot Price FOB,https://www.eia.gov/dnav/pet/hist/LeafHandler.ashx?n=PET&s=RBRTE&f=M
2025-12-01,62.54,monthly,USD/barrel,brent_oil_usd_bbl,U.S. Energy Information Administration,Europe Brent Spot Price FOB,https://www.eia.gov/dnav/pet/hist/LeafHandler.ashx?n=PET&s=RBRTE&f=M
2026-01-01,66.6,monthly,USD/barrel,brent_oil_usd_bbl,U.S. Energy Information Administration,Europe Brent Spot Price FOB,https://www.eia.gov/dnav/pet/hist/LeafHandler.ashx?n=PET&s=RBRTE&f=M
2026-02-01,70.89,monthly,USD/barrel,brent_oil_usd_bbl,U.S. Energy Information Administration,Europe Brent Spot Price FOB,https://www.eia.gov/dnav/pet/hist/LeafHandler.ashx?n=PET&s=RBRTE&f=M
