source_path,destination_path,size_bytes
C:\Users\LEONA\Documents\GitHub\cocoa_volatility\outputs\figures\.gitkeep,C:\Users\LEONA\Documents\GitHub\cocoa_volatility\paper\figures\.gitkeep,1
C:\Users\LEONA\Documents\GitHub\cocoa_volatility\outputs\figures\figure_climate_core_correlation_common_sample.png,C:\Users\LEONA\Documents\GitHub\cocoa_volatility\paper\figures\figure_climate_core_correlation_common_sample.png,605833
C:\Users\LEONA\Documents\GitHub\cocoa_volatility\outputs\figures\figure_climate_data_availability.png,C:\Users\LEONA\Documents\GitHub\cocoa_volatility\paper\figures\figure_climate_data_availability.png,149344
C:\Users\LEONA\Documents\GitHub\cocoa_volatility\outputs\figures\figure_climate_series_panels.png,C:\Users\LEONA\Documents\GitHub\cocoa_volatility\paper\figures\figure_climate_series_panels.png,1514833
C:\Users\LEONA\Documents\GitHub\cocoa_volatility\outputs\figures\figure_climate_series_panels_common_window.png,C:\Users\LEONA\Documents\GitHub\cocoa_volatility\paper\figures\figure_climate_series_panels_common_window.png,934277
C:\Users\LEONA\Documents\GitHub\cocoa_volatility\outputs\figures\figure_core_domestic_return_actual_vs_fitted.png,C:\Users\LEONA\Documents\GitHub\cocoa_volatility\paper\figures\figure_core_domestic_return_actual_vs_fitted.png,259717
C:\Users\LEONA\Documents\GitHub\cocoa_volatility\outputs\figures\figure_core_eu_return_actual_vs_fitted.png,C:\Users\LEONA\Documents\GitHub\cocoa_volatility\paper\figures\figure_core_eu_return_actual_vs_fitted.png,296757
C:\Users\LEONA\Documents\GitHub\cocoa_volatility\outputs\figures\figure_core_log_returns_panels.png,C:\Users\LEONA\Documents\GitHub\cocoa_volatility\paper\figures\figure_core_log_returns_panels.png,664609
C:\Users\LEONA\Documents\GitHub\cocoa_volatility\outputs\figures\figure_core_log_returns_panels_common_window.png,C:\Users\LEONA\Documents\GitHub\cocoa_volatility\paper\figures\figure_core_log_returns_panels_common_window.png,755606
C:\Users\LEONA\Documents\GitHub\cocoa_volatility\outputs\figures\figure_core_log_returns_panels_common_window_imputed.png,C:\Users\LEONA\Documents\GitHub\cocoa_volatility\paper\figures\figure_core_log_returns_panels_common_window_imputed.png,764572
C:\Users\LEONA\Documents\GitHub\cocoa_volatility\outputs\figures\figure_core_return_impulse_response.png,C:\Users\LEONA\Documents\GitHub\cocoa_volatility\paper\figures\figure_core_return_impulse_response.png,576994
C:\Users\LEONA\Documents\GitHub\cocoa_volatility\outputs\figures\figure_core_series_panels.png,C:\Users\LEONA\Documents\GitHub\cocoa_volatility\paper\figures\figure_core_series_panels.png,513798
C:\Users\LEONA\Documents\GitHub\cocoa_volatility\outputs\figures\figure_core_series_panels_common_window.png,C:\Users\LEONA\Documents\GitHub\cocoa_volatility\paper\figures\figure_core_series_panels_common_window.png,570823
C:\Users\LEONA\Documents\GitHub\cocoa_volatility\outputs\figures\figure_core_series_panels_common_window_imputed.png,C:\Users\LEONA\Documents\GitHub\cocoa_volatility\paper\figures\figure_core_series_panels_common_window_imputed.png,577249
C:\Users\LEONA\Documents\GitHub\cocoa_volatility\outputs\figures\figure_correlation_heatmap_levels.png,C:\Users\LEONA\Documents\GitHub\cocoa_volatility\paper\figures\figure_correlation_heatmap_levels.png,164027
C:\Users\LEONA\Documents\GitHub\cocoa_volatility\outputs\figures\figure_correlation_heatmap_levels_common_sample.png,C:\Users\LEONA\Documents\GitHub\cocoa_volatility\paper\figures\figure_correlation_heatmap_levels_common_sample.png,164027
C:\Users\LEONA\Documents\GitHub\cocoa_volatility\outputs\figures\figure_correlation_heatmap_levels_common_window_imputed.png,C:\Users\LEONA\Documents\GitHub\cocoa_volatility\paper\figures\figure_correlation_heatmap_levels_common_window_imputed.png,169915
C:\Users\LEONA\Documents\GitHub\cocoa_volatility\outputs\figures\figure_correlation_heatmap_log_returns.png,C:\Users\LEONA\Documents\GitHub\cocoa_volatility\paper\figures\figure_correlation_heatmap_log_returns.png,182384
C:\Users\LEONA\Documents\GitHub\cocoa_volatility\outputs\figures\figure_correlation_heatmap_log_returns_common_sample.png,C:\Users\LEONA\Documents\GitHub\cocoa_volatility\paper\figures\figure_correlation_heatmap_log_returns_common_sample.png,182384
C:\Users\LEONA\Documents\GitHub\cocoa_volatility\outputs\figures\figure_correlation_heatmap_log_returns_common_window_imputed.png,C:\Users\LEONA\Documents\GitHub\cocoa_volatility\paper\figures\figure_correlation_heatmap_log_returns_common_window_imputed.png,187198
C:\Users\LEONA\Documents\GitHub\cocoa_volatility\outputs\figures\figure_data_availability.png,C:\Users\LEONA\Documents\GitHub\cocoa_volatility\paper\figures\figure_data_availability.png,140035
C:\Users\LEONA\Documents\GitHub\cocoa_volatility\outputs\figures\figure_data_availability_common_window.png,C:\Users\LEONA\Documents\GitHub\cocoa_volatility\paper\figures\figure_data_availability_common_window.png,121629
C:\Users\LEONA\Documents\GitHub\cocoa_volatility\outputs\figures\figure_impulse_response.png,C:\Users\LEONA\Documents\GitHub\cocoa_volatility\paper\figures\figure_impulse_response.png,576994
C:\Users\LEONA\Documents\GitHub\cocoa_volatility\outputs\figures\figure_indexed_core_series.png,C:\Users\LEONA\Documents\GitHub\cocoa_volatility\paper\figures\figure_indexed_core_series.png,310483
C:\Users\LEONA\Documents\GitHub\cocoa_volatility\outputs\figures\figure_indexed_core_series_common_sample.png,C:\Users\LEONA\Documents\GitHub\cocoa_volatility\paper\figures\figure_indexed_core_series_common_sample.png,310483
C:\Users\LEONA\Documents\GitHub\cocoa_volatility\outputs\figures\figure_indexed_core_series_common_window_imputed.png,C:\Users\LEONA\Documents\GitHub\cocoa_volatility\paper\figures\figure_indexed_core_series_common_window_imputed.png,313693
C:\Users\LEONA\Documents\GitHub\cocoa_volatility\outputs\figures\figure_macro_controls_panels.png,C:\Users\LEONA\Documents\GitHub\cocoa_volatility\paper\figures\figure_macro_controls_panels.png,277495
C:\Users\LEONA\Documents\GitHub\cocoa_volatility\outputs\figures\figure_macro_controls_panels_common_window.png,C:\Users\LEONA\Documents\GitHub\cocoa_volatility\paper\figures\figure_macro_controls_panels_common_window.png,258770
C:\Users\LEONA\Documents\GitHub\cocoa_volatility\outputs\figures\figure_rolling_volatility.png,C:\Users\LEONA\Documents\GitHub\cocoa_volatility\paper\figures\figure_rolling_volatility.png,155985
C:\Users\LEONA\Documents\GitHub\cocoa_volatility\outputs\figures\figure_rolling_volatility_core_imputed.png,C:\Users\LEONA\Documents\GitHub\cocoa_volatility\paper\figures\figure_rolling_volatility_core_imputed.png,588127
C:\Users\LEONA\Documents\GitHub\cocoa_volatility\outputs\figures\figure_rolling_volatility_weather_imputed.png,C:\Users\LEONA\Documents\GitHub\cocoa_volatility\paper\figures\figure_rolling_volatility_weather_imputed.png,889862
C:\Users\LEONA\Documents\GitHub\cocoa_volatility\outputs\figures\figure_stl_decomposition_brent_oil_usd_bbl_imputed.png,C:\Users\LEONA\Documents\GitHub\cocoa_volatility\paper\figures\figure_stl_decomposition_brent_oil_usd_bbl_imputed.png,357067
C:\Users\LEONA\Documents\GitHub\cocoa_volatility\outputs\figures\figure_stl_decomposition_colombia_cocoa_price_cop_kg_imputed.png,C:\Users\LEONA\Documents\GitHub\cocoa_volatility\paper\figures\figure_stl_decomposition_colombia_cocoa_price_cop_kg_imputed.png,311969
C:\Users\LEONA\Documents\GitHub\cocoa_volatility\outputs\figures\figure_stl_decomposition_cop_usd_exchange_rate_imputed.png,C:\Users\LEONA\Documents\GitHub\cocoa_volatility\paper\figures\figure_stl_decomposition_cop_usd_exchange_rate_imputed.png,385673
C:\Users\LEONA\Documents\GitHub\cocoa_volatility\outputs\figures\figure_stl_decomposition_eu_hicp_chocolate_index_imputed.png,C:\Users\LEONA\Documents\GitHub\cocoa_volatility\paper\figures\figure_stl_decomposition_eu_hicp_chocolate_index_imputed.png,313958
C:\Users\LEONA\Documents\GitHub\cocoa_volatility\outputs\figures\figure_stl_decomposition_nasa_precipitation_mm_day_imputed.png,C:\Users\LEONA\Documents\GitHub\cocoa_volatility\paper\figures\figure_stl_decomposition_nasa_precipitation_mm_day_imputed.png,406187
C:\Users\LEONA\Documents\GitHub\cocoa_volatility\outputs\figures\figure_stl_decomposition_nasa_relative_humidity_pct_imputed.png,C:\Users\LEONA\Documents\GitHub\cocoa_volatility\paper\figures\figure_stl_decomposition_nasa_relative_humidity_pct_imputed.png,351038
C:\Users\LEONA\Documents\GitHub\cocoa_volatility\outputs\figures\figure_stl_decomposition_nasa_surface_solar_radiation_mj_m2_day_imputed.png,C:\Users\LEONA\Documents\GitHub\cocoa_volatility\paper\figures\figure_stl_decomposition_nasa_surface_solar_radiation_mj_m2_day_imputed.png,437080
C:\Users\LEONA\Documents\GitHub\cocoa_volatility\outputs\figures\figure_stl_decomposition_nasa_temperature_c_imputed.png,C:\Users\LEONA\Documents\GitHub\cocoa_volatility\paper\figures\figure_stl_decomposition_nasa_temperature_c_imputed.png,345703
C:\Users\LEONA\Documents\GitHub\cocoa_volatility\outputs\figures\figure_stl_decomposition_nasa_temperature_max_c_imputed.png,C:\Users\LEONA\Documents\GitHub\cocoa_volatility\paper\figures\figure_stl_decomposition_nasa_temperature_max_c_imputed.png,332445
C:\Users\LEONA\Documents\GitHub\cocoa_volatility\outputs\figures\figure_stl_decomposition_nasa_temperature_min_c_imputed.png,C:\Users\LEONA\Documents\GitHub\cocoa_volatility\paper\figures\figure_stl_decomposition_nasa_temperature_min_c_imputed.png,408864
C:\Users\LEONA\Documents\GitHub\cocoa_volatility\outputs\figures\figure_stl_decomposition_nasa_wind_speed_ms_imputed.png,C:\Users\LEONA\Documents\GitHub\cocoa_volatility\paper\figures\figure_stl_decomposition_nasa_wind_speed_ms_imputed.png,357719
C:\Users\LEONA\Documents\GitHub\cocoa_volatility\outputs\figures\figure_stl_decomposition_world_cocoa_price_usd_mt_imputed.png,C:\Users\LEONA\Documents\GitHub\cocoa_volatility\paper\figures\figure_stl_decomposition_world_cocoa_price_usd_mt_imputed.png,334745
C:\Users\LEONA\Documents\GitHub\cocoa_volatility\outputs\figures\figure_weather_domestic_levels_actual_vs_fitted.png,C:\Users\LEONA\Documents\GitHub\cocoa_volatility\paper\figures\figure_weather_domestic_levels_actual_vs_fitted.png,220682
C:\Users\LEONA\Documents\GitHub\cocoa_volatility\outputs\figures\figure_weather_domestic_returns_actual_vs_fitted.png,C:\Users\LEONA\Documents\GitHub\cocoa_volatility\paper\figures\figure_weather_domestic_returns_actual_vs_fitted.png,262621
C:\Users\LEONA\Documents\GitHub\cocoa_volatility\outputs\figures\figure_weather_vulnerability_index.png,C:\Users\LEONA\Documents\GitHub\cocoa_volatility\paper\figures\figure_weather_vulnerability_index.png,372316
C:\Users\LEONA\Documents\GitHub\cocoa_volatility\docs\citation_justification.md,C:\Users\LEONA\Documents\GitHub\cocoa_volatility\paper\references\citation_justification.md,5268
C:\Users\LEONA\Documents\GitHub\cocoa_volatility\references\cocoa_volatility.bib,C:\Users\LEONA\Documents\GitHub\cocoa_volatility\paper\references\cocoa_volatility.bib,8020
C:\Users\LEONA\Documents\GitHub\cocoa_volatility\outputs\tables\table_arch_lm_tests_imputed_all_series_log_returns.csv,C:\Users\LEONA\Documents\GitHub\cocoa_volatility\paper\tables\table_arch_lm_tests_imputed_all_series_log_returns.csv,2698
C:\Users\LEONA\Documents\GitHub\cocoa_volatility\outputs\tables\table_arch_lm_tests_imputed_all_series_log_returns.json,C:\Users\LEONA\Documents\GitHub\cocoa_volatility\paper\tables\table_arch_lm_tests_imputed_all_series_log_returns.json,5431
C:\Users\LEONA\Documents\GitHub\cocoa_volatility\outputs\tables\table_arch_lm_tests_imputed_log_returns.csv,C:\Users\LEONA\Documents\GitHub\cocoa_volatility\paper\tables\table_arch_lm_tests_imputed_log_returns.csv,915
C:\Users\LEONA\Documents\GitHub\cocoa_volatility\outputs\tables\table_arch_lm_tests_imputed_log_returns.json,C:\Users\LEONA\Documents\GitHub\cocoa_volatility\paper\tables\table_arch_lm_tests_imputed_log_returns.json,1724
C:\Users\LEONA\Documents\GitHub\cocoa_volatility\outputs\tables\table_arch_lm_tests_imputed_weather_log_returns.csv,C:\Users\LEONA\Documents\GitHub\cocoa_volatility\paper\tables\table_arch_lm_tests_imputed_weather_log_returns.csv,1608
C:\Users\LEONA\Documents\GitHub\cocoa_volatility\outputs\tables\table_arch_lm_tests_imputed_weather_log_returns.json,C:\Users\LEONA\Documents\GitHub\cocoa_volatility\paper\tables\table_arch_lm_tests_imputed_weather_log_returns.json,3151
C:\Users\LEONA\Documents\GitHub\cocoa_volatility\outputs\tables\table_climate_core_correlation_common_sample.csv,C:\Users\LEONA\Documents\GitHub\cocoa_volatility\paper\tables\table_climate_core_correlation_common_sample.csv,3308
C:\Users\LEONA\Documents\GitHub\cocoa_volatility\outputs\tables\table_climate_core_correlation_common_sample.json,C:\Users\LEONA\Documents\GitHub\cocoa_volatility\paper\tables\table_climate_core_correlation_common_sample.json,7296
C:\Users\LEONA\Documents\GitHub\cocoa_volatility\outputs\tables\table_climate_series_coverage.csv,C:\Users\LEONA\Documents\GitHub\cocoa_volatility\paper\tables\table_climate_series_coverage.csv,568
C:\Users\LEONA\Documents\GitHub\cocoa_volatility\outputs\tables\table_climate_series_coverage.json,C:\Users\LEONA\Documents\GitHub\cocoa_volatility\paper\tables\table_climate_series_coverage.json,1812
C:\Users\LEONA\Documents\GitHub\cocoa_volatility\outputs\tables\table_climate_summary_statistics.csv,C:\Users\LEONA\Documents\GitHub\cocoa_volatility\paper\tables\table_climate_summary_statistics.csv,784
C:\Users\LEONA\Documents\GitHub\cocoa_volatility\outputs\tables\table_climate_summary_statistics.json,C:\Users\LEONA\Documents\GitHub\cocoa_volatility\paper\tables\table_climate_summary_statistics.json,1585
C:\Users\LEONA\Documents\GitHub\cocoa_volatility\outputs\tables\table_climate_summary_statistics_common_window.csv,C:\Users\LEONA\Documents\GitHub\cocoa_volatility\paper\tables\table_climate_summary_statistics_common_window.csv,730
C:\Users\LEONA\Documents\GitHub\cocoa_volatility\outputs\tables\table_climate_summary_statistics_common_window.json,C:\Users\LEONA\Documents\GitHub\cocoa_volatility\paper\tables\table_climate_summary_statistics_common_window.json,1563
C:\Users\LEONA\Documents\GitHub\cocoa_volatility\outputs\tables\table_common_sample_windows.csv,C:\Users\LEONA\Documents\GitHub\cocoa_volatility\paper\tables\table_common_sample_windows.csv,891
C:\Users\LEONA\Documents\GitHub\cocoa_volatility\outputs\tables\table_common_sample_windows.json,C:\Users\LEONA\Documents\GitHub\cocoa_volatility\paper\tables\table_common_sample_windows.json,1474
C:\Users\LEONA\Documents\GitHub\cocoa_volatility\outputs\tables\table_common_window_missing_rows.csv,C:\Users\LEONA\Documents\GitHub\cocoa_volatility\paper\tables\table_common_window_missing_rows.csv,176
C:\Users\LEONA\Documents\GitHub\cocoa_volatility\outputs\tables\table_common_window_missing_rows.json,C:\Users\LEONA\Documents\GitHub\cocoa_volatility\paper\tables\table_common_window_missing_rows.json,250
C:\Users\LEONA\Documents\GitHub\cocoa_volatility\outputs\tables\table_common_window_missingness.csv,C:\Users\LEONA\Documents\GitHub\cocoa_volatility\paper\tables\table_common_window_missingness.csv,163
C:\Users\LEONA\Documents\GitHub\cocoa_volatility\outputs\tables\table_common_window_missingness.json,C:\Users\LEONA\Documents\GitHub\cocoa_volatility\paper\tables\table_common_window_missingness.json,430
C:\Users\LEONA\Documents\GitHub\cocoa_volatility\outputs\tables\table_core_engle_granger_pairs.csv,C:\Users\LEONA\Documents\GitHub\cocoa_volatility\paper\tables\table_core_engle_granger_pairs.csv,1327
C:\Users\LEONA\Documents\GitHub\cocoa_volatility\outputs\tables\table_core_engle_granger_pairs.json,C:\Users\LEONA\Documents\GitHub\cocoa_volatility\paper\tables\table_core_engle_granger_pairs.json,2475
C:\Users\LEONA\Documents\GitHub\cocoa_volatility\outputs\tables\table_core_granger_causality_detail.csv,C:\Users\LEONA\Documents\GitHub\cocoa_volatility\paper\tables\table_core_granger_causality_detail.csv,2601
C:\Users\LEONA\Documents\GitHub\cocoa_volatility\outputs\tables\table_core_granger_causality_detail.json,C:\Users\LEONA\Documents\GitHub\cocoa_volatility\paper\tables\table_core_granger_causality_detail.json,5191
C:\Users\LEONA\Documents\GitHub\cocoa_volatility\outputs\tables\table_core_granger_causality_summary.csv,C:\Users\LEONA\Documents\GitHub\cocoa_volatility\paper\tables\table_core_granger_causality_summary.csv,936
C:\Users\LEONA\Documents\GitHub\cocoa_volatility\outputs\tables\table_core_granger_causality_summary.json,C:\Users\LEONA\Documents\GitHub\cocoa_volatility\paper\tables\table_core_granger_causality_summary.json,1823
C:\Users\LEONA\Documents\GitHub\cocoa_volatility\outputs\tables\table_core_transmission_coefficients.csv,C:\Users\LEONA\Documents\GitHub\cocoa_volatility\paper\tables\table_core_transmission_coefficients.csv,7815
C:\Users\LEONA\Documents\GitHub\cocoa_volatility\outputs\tables\table_core_transmission_coefficients.json,C:\Users\LEONA\Documents\GitHub\cocoa_volatility\paper\tables\table_core_transmission_coefficients.json,13766
C:\Users\LEONA\Documents\GitHub\cocoa_volatility\outputs\tables\table_core_transmission_model_fit.csv,C:\Users\LEONA\Documents\GitHub\cocoa_volatility\paper\tables\table_core_transmission_model_fit.csv,2155
C:\Users\LEONA\Documents\GitHub\cocoa_volatility\outputs\tables\table_core_transmission_model_fit.json,C:\Users\LEONA\Documents\GitHub\cocoa_volatility\paper\tables\table_core_transmission_model_fit.json,3761
C:\Users\LEONA\Documents\GitHub\cocoa_volatility\outputs\tables\table_core_transmission_samples.csv,C:\Users\LEONA\Documents\GitHub\cocoa_volatility\paper\tables\table_core_transmission_samples.csv,389
C:\Users\LEONA\Documents\GitHub\cocoa_volatility\outputs\tables\table_core_transmission_samples.json,C:\Users\LEONA\Documents\GitHub\cocoa_volatility\paper\tables\table_core_transmission_samples.json,558
C:\Users\LEONA\Documents\GitHub\cocoa_volatility\outputs\tables\table_correlation_matrix_levels.csv,C:\Users\LEONA\Documents\GitHub\cocoa_volatility\paper\tables\table_correlation_matrix_levels.csv,671
C:\Users\LEONA\Documents\GitHub\cocoa_volatility\outputs\tables\table_correlation_matrix_levels.json,C:\Users\LEONA\Documents\GitHub\cocoa_volatility\paper\tables\table_correlation_matrix_levels.json,1372
C:\Users\LEONA\Documents\GitHub\cocoa_volatility\outputs\tables\table_correlation_matrix_levels_common_sample.csv,C:\Users\LEONA\Documents\GitHub\cocoa_volatility\paper\tables\table_correlation_matrix_levels_common_sample.csv,671
C:\Users\LEONA\Documents\GitHub\cocoa_volatility\outputs\tables\table_correlation_matrix_levels_common_sample.json,C:\Users\LEONA\Documents\GitHub\cocoa_volatility\paper\tables\table_correlation_matrix_levels_common_sample.json,1372
C:\Users\LEONA\Documents\GitHub\cocoa_volatility\outputs\tables\table_correlation_matrix_levels_common_window_imputed.csv,C:\Users\LEONA\Documents\GitHub\cocoa_volatility\paper\tables\table_correlation_matrix_levels_common_window_imputed.csv,667
C:\Users\LEONA\Documents\GitHub\cocoa_volatility\outputs\tables\table_correlation_matrix_levels_common_window_imputed.json,C:\Users\LEONA\Documents\GitHub\cocoa_volatility\paper\tables\table_correlation_matrix_levels_common_window_imputed.json,1370
C:\Users\LEONA\Documents\GitHub\cocoa_volatility\outputs\tables\table_correlation_matrix_log_returns.csv,C:\Users\LEONA\Documents\GitHub\cocoa_volatility\paper\tables\table_correlation_matrix_log_returns.csv,793
C:\Users\LEONA\Documents\GitHub\cocoa_volatility\outputs\tables\table_correlation_matrix_log_returns.json,C:\Users\LEONA\Documents\GitHub\cocoa_volatility\paper\tables\table_correlation_matrix_log_returns.json,1698
C:\Users\LEONA\Documents\GitHub\cocoa_volatility\outputs\tables\table_correlation_matrix_log_returns_common_sample.csv,C:\Users\LEONA\Documents\GitHub\cocoa_volatility\paper\tables\table_correlation_matrix_log_returns_common_sample.csv,793
C:\Users\LEONA\Documents\GitHub\cocoa_volatility\outputs\tables\table_correlation_matrix_log_returns_common_sample.json,C:\Users\LEONA\Documents\GitHub\cocoa_volatility\paper\tables\table_correlation_matrix_log_returns_common_sample.json,1698
C:\Users\LEONA\Documents\GitHub\cocoa_volatility\outputs\tables\table_correlation_matrix_log_returns_common_window_imputed.csv,C:\Users\LEONA\Documents\GitHub\cocoa_volatility\paper\tables\table_correlation_matrix_log_returns_common_window_imputed.csv,787
C:\Users\LEONA\Documents\GitHub\cocoa_volatility\outputs\tables\table_correlation_matrix_log_returns_common_window_imputed.json,C:\Users\LEONA\Documents\GitHub\cocoa_volatility\paper\tables\table_correlation_matrix_log_returns_common_window_imputed.json,1700
C:\Users\LEONA\Documents\GitHub\cocoa_volatility\outputs\tables\table_decomposition_strength_imputed.csv,C:\Users\LEONA\Documents\GitHub\cocoa_volatility\paper\tables\table_decomposition_strength_imputed.csv,586
C:\Users\LEONA\Documents\GitHub\cocoa_volatility\outputs\tables\table_decomposition_strength_imputed.json,C:\Users\LEONA\Documents\GitHub\cocoa_volatility\paper\tables\table_decomposition_strength_imputed.json,1047
C:\Users\LEONA\Documents\GitHub\cocoa_volatility\outputs\tables\table_decomposition_strength_imputed_all_series.csv,C:\Users\LEONA\Documents\GitHub\cocoa_volatility\paper\tables\table_decomposition_strength_imputed_all_series.csv,1550
C:\Users\LEONA\Documents\GitHub\cocoa_volatility\outputs\tables\table_decomposition_strength_imputed_all_series.json,C:\Users\LEONA\Documents\GitHub\cocoa_volatility\paper\tables\table_decomposition_strength_imputed_all_series.json,2991
C:\Users\LEONA\Documents\GitHub\cocoa_volatility\outputs\tables\table_decomposition_strength_imputed_weather.csv,C:\Users\LEONA\Documents\GitHub\cocoa_volatility\paper\tables\table_decomposition_strength_imputed_weather.csv,933
C:\Users\LEONA\Documents\GitHub\cocoa_volatility\outputs\tables\table_decomposition_strength_imputed_weather.json,C:\Users\LEONA\Documents\GitHub\cocoa_volatility\paper\tables\table_decomposition_strength_imputed_weather.json,1734
C:\Users\LEONA\Documents\GitHub\cocoa_volatility\outputs\tables\table_engle_granger_results.csv,C:\Users\LEONA\Documents\GitHub\cocoa_volatility\paper\tables\table_engle_granger_results.csv,725
C:\Users\LEONA\Documents\GitHub\cocoa_volatility\outputs\tables\table_engle_granger_results.json,C:\Users\LEONA\Documents\GitHub\cocoa_volatility\paper\tables\table_engle_granger_results.json,1236
C:\Users\LEONA\Documents\GitHub\cocoa_volatility\outputs\tables\table_granger_causality.csv,C:\Users\LEONA\Documents\GitHub\cocoa_volatility\paper\tables\table_granger_causality.csv,516
C:\Users\LEONA\Documents\GitHub\cocoa_volatility\outputs\tables\table_granger_causality.json,C:\Users\LEONA\Documents\GitHub\cocoa_volatility\paper\tables\table_granger_causality.json,881
C:\Users\LEONA\Documents\GitHub\cocoa_volatility\outputs\tables\table_imputation_audit.csv,C:\Users\LEONA\Documents\GitHub\cocoa_volatility\paper\tables\table_imputation_audit.csv,151
C:\Users\LEONA\Documents\GitHub\cocoa_volatility\outputs\tables\table_imputation_audit.json,C:\Users\LEONA\Documents\GitHub\cocoa_volatility\paper\tables\table_imputation_audit.json,218
C:\Users\LEONA\Documents\GitHub\cocoa_volatility\outputs\tables\table_imputation_reference_correlations.csv,C:\Users\LEONA\Documents\GitHub\cocoa_volatility\paper\tables\table_imputation_reference_correlations.csv,671
C:\Users\LEONA\Documents\GitHub\cocoa_volatility\outputs\tables\table_imputation_reference_correlations.json,C:\Users\LEONA\Documents\GitHub\cocoa_volatility\paper\tables\table_imputation_reference_correlations.json,1372
C:\Users\LEONA\Documents\GitHub\cocoa_volatility\outputs\tables\table_log_return_summary_statistics.csv,C:\Users\LEONA\Documents\GitHub\cocoa_volatility\paper\tables\table_log_return_summary_statistics.csv,960
C:\Users\LEONA\Documents\GitHub\cocoa_volatility\outputs\tables\table_log_return_summary_statistics.json,C:\Users\LEONA\Documents\GitHub\cocoa_volatility\paper\tables\table_log_return_summary_statistics.json,1342
C:\Users\LEONA\Documents\GitHub\cocoa_volatility\outputs\tables\table_log_return_summary_statistics_common_sample.csv,C:\Users\LEONA\Documents\GitHub\cocoa_volatility\paper\tables\table_log_return_summary_statistics_common_sample.csv,980
C:\Users\LEONA\Documents\GitHub\cocoa_volatility\outputs\tables\table_log_return_summary_statistics_common_sample.json,C:\Users\LEONA\Documents\GitHub\cocoa_volatility\paper\tables\table_log_return_summary_statistics_common_sample.json,1351
C:\Users\LEONA\Documents\GitHub\cocoa_volatility\outputs\tables\table_log_return_summary_statistics_common_window_imputed.csv,C:\Users\LEONA\Documents\GitHub\cocoa_volatility\paper\tables\table_log_return_summary_statistics_common_window_imputed.csv,974
C:\Users\LEONA\Documents\GitHub\cocoa_volatility\outputs\tables\table_log_return_summary_statistics_common_window_imputed.json,C:\Users\LEONA\Documents\GitHub\cocoa_volatility\paper\tables\table_log_return_summary_statistics_common_window_imputed.json,1348
C:\Users\LEONA\Documents\GitHub\cocoa_volatility\outputs\tables\table_log_summary_statistics.csv,C:\Users\LEONA\Documents\GitHub\cocoa_volatility\paper\tables\table_log_summary_statistics.csv,853
C:\Users\LEONA\Documents\GitHub\cocoa_volatility\outputs\tables\table_log_summary_statistics.json,C:\Users\LEONA\Documents\GitHub\cocoa_volatility\paper\tables\table_log_summary_statistics.json,1305
C:\Users\LEONA\Documents\GitHub\cocoa_volatility\outputs\tables\table_pairwise_overlap_counts.csv,C:\Users\LEONA\Documents\GitHub\cocoa_volatility\paper\tables\table_pairwise_overlap_counts.csv,340
C:\Users\LEONA\Documents\GitHub\cocoa_volatility\outputs\tables\table_pairwise_overlap_counts.json,C:\Users\LEONA\Documents\GitHub\cocoa_volatility\paper\tables\table_pairwise_overlap_counts.json,1171
C:\Users\LEONA\Documents\GitHub\cocoa_volatility\outputs\tables\table_pairwise_overlap_counts_common_window.csv,C:\Users\LEONA\Documents\GitHub\cocoa_volatility\paper\tables\table_pairwise_overlap_counts_common_window.csv,324
C:\Users\LEONA\Documents\GitHub\cocoa_volatility\outputs\tables\table_pairwise_overlap_counts_common_window.json,C:\Users\LEONA\Documents\GitHub\cocoa_volatility\paper\tables\table_pairwise_overlap_counts_common_window.json,1155
C:\Users\LEONA\Documents\GitHub\cocoa_volatility\outputs\tables\table_pass_through_results.csv,C:\Users\LEONA\Documents\GitHub\cocoa_volatility\paper\tables\table_pass_through_results.csv,1279
C:\Users\LEONA\Documents\GitHub\cocoa_volatility\outputs\tables\table_pass_through_results.json,C:\Users\LEONA\Documents\GitHub\cocoa_volatility\paper\tables\table_pass_through_results.json,2020
C:\Users\LEONA\Documents\GitHub\cocoa_volatility\outputs\tables\table_series_coverage.csv,C:\Users\LEONA\Documents\GitHub\cocoa_volatility\paper\tables\table_series_coverage.csv,501
C:\Users\LEONA\Documents\GitHub\cocoa_volatility\outputs\tables\table_series_coverage.json,C:\Users\LEONA\Documents\GitHub\cocoa_volatility\paper\tables\table_series_coverage.json,1331
C:\Users\LEONA\Documents\GitHub\cocoa_volatility\outputs\tables\table_series_coverage_common_window.csv,C:\Users\LEONA\Documents\GitHub\cocoa_volatility\paper\tables\table_series_coverage_common_window.csv,425
C:\Users\LEONA\Documents\GitHub\cocoa_volatility\outputs\tables\table_series_coverage_common_window.json,C:\Users\LEONA\Documents\GitHub\cocoa_volatility\paper\tables\table_series_coverage_common_window.json,1279
C:\Users\LEONA\Documents\GitHub\cocoa_volatility\outputs\tables\table_stationarity_tests.csv,C:\Users\LEONA\Documents\GitHub\cocoa_volatility\paper\tables\table_stationarity_tests.csv,2
C:\Users\LEONA\Documents\GitHub\cocoa_volatility\outputs\tables\table_stationarity_tests.json,C:\Users\LEONA\Documents\GitHub\cocoa_volatility\paper\tables\table_stationarity_tests.json,2
C:\Users\LEONA\Documents\GitHub\cocoa_volatility\outputs\tables\table_stationarity_tests_imputed_all_series_levels.csv,C:\Users\LEONA\Documents\GitHub\cocoa_volatility\paper\tables\table_stationarity_tests_imputed_all_series_levels.csv,5410
C:\Users\LEONA\Documents\GitHub\cocoa_volatility\outputs\tables\table_stationarity_tests_imputed_all_series_levels.json,C:\Users\LEONA\Documents\GitHub\cocoa_volatility\paper\tables\table_stationarity_tests_imputed_all_series_levels.json,13882
C:\Users\LEONA\Documents\GitHub\cocoa_volatility\outputs\tables\table_stationarity_tests_imputed_all_series_log_returns.csv,C:\Users\LEONA\Documents\GitHub\cocoa_volatility\paper\tables\table_stationarity_tests_imputed_all_series_log_returns.csv,5973
C:\Users\LEONA\Documents\GitHub\cocoa_volatility\outputs\tables\table_stationarity_tests_imputed_all_series_log_returns.json,C:\Users\LEONA\Documents\GitHub\cocoa_volatility\paper\tables\table_stationarity_tests_imputed_all_series_log_returns.json,14433
C:\Users\LEONA\Documents\GitHub\cocoa_volatility\outputs\tables\table_stationarity_tests_imputed_levels.csv,C:\Users\LEONA\Documents\GitHub\cocoa_volatility\paper\tables\table_stationarity_tests_imputed_levels.csv,1513
C:\Users\LEONA\Documents\GitHub\cocoa_volatility\outputs\tables\table_stationarity_tests_imputed_levels.json,C:\Users\LEONA\Documents\GitHub\cocoa_volatility\paper\tables\table_stationarity_tests_imputed_levels.json,4155
C:\Users\LEONA\Documents\GitHub\cocoa_volatility\outputs\tables\table_stationarity_tests_imputed_log_returns.csv,C:\Users\LEONA\Documents\GitHub\cocoa_volatility\paper\tables\table_stationarity_tests_imputed_log_returns.csv,1751
C:\Users\LEONA\Documents\GitHub\cocoa_volatility\outputs\tables\table_stationarity_tests_imputed_log_returns.json,C:\Users\LEONA\Documents\GitHub\cocoa_volatility\paper\tables\table_stationarity_tests_imputed_log_returns.json,4380
C:\Users\LEONA\Documents\GitHub\cocoa_volatility\outputs\tables\table_stationarity_tests_imputed_weather_levels.csv,C:\Users\LEONA\Documents\GitHub\cocoa_volatility\paper\tables\table_stationarity_tests_imputed_weather_levels.csv,3159
C:\Users\LEONA\Documents\GitHub\cocoa_volatility\outputs\tables\table_stationarity_tests_imputed_weather_levels.json,C:\Users\LEONA\Documents\GitHub\cocoa_volatility\paper\tables\table_stationarity_tests_imputed_weather_levels.json,8053
C:\Users\LEONA\Documents\GitHub\cocoa_volatility\outputs\tables\table_stationarity_tests_imputed_weather_log_returns.csv,C:\Users\LEONA\Documents\GitHub\cocoa_volatility\paper\tables\table_stationarity_tests_imputed_weather_log_returns.csv,3484
C:\Users\LEONA\Documents\GitHub\cocoa_volatility\outputs\tables\table_stationarity_tests_imputed_weather_log_returns.json,C:\Users\LEONA\Documents\GitHub\cocoa_volatility\paper\tables\table_stationarity_tests_imputed_weather_log_returns.json,8379
C:\Users\LEONA\Documents\GitHub\cocoa_volatility\outputs\tables\table_statistical_properties_all_series_overview.csv,C:\Users\LEONA\Documents\GitHub\cocoa_volatility\paper\tables\table_statistical_properties_all_series_overview.csv,11479
C:\Users\LEONA\Documents\GitHub\cocoa_volatility\outputs\tables\table_statistical_properties_all_series_overview.json,C:\Users\LEONA\Documents\GitHub\cocoa_volatility\paper\tables\table_statistical_properties_all_series_overview.json,24259
C:\Users\LEONA\Documents\GitHub\cocoa_volatility\outputs\tables\table_statistical_properties_imputed_all_series_levels.csv,C:\Users\LEONA\Documents\GitHub\cocoa_volatility\paper\tables\table_statistical_properties_imputed_all_series_levels.csv,3305
C:\Users\LEONA\Documents\GitHub\cocoa_volatility\outputs\tables\table_statistical_properties_imputed_all_series_levels.json,C:\Users\LEONA\Documents\GitHub\cocoa_volatility\paper\tables\table_statistical_properties_imputed_all_series_levels.json,6921
C:\Users\LEONA\Documents\GitHub\cocoa_volatility\outputs\tables\table_statistical_properties_imputed_all_series_log_returns.csv,C:\Users\LEONA\Documents\GitHub\cocoa_volatility\paper\tables\table_statistical_properties_imputed_all_series_log_returns.csv,4352
C:\Users\LEONA\Documents\GitHub\cocoa_volatility\outputs\tables\table_statistical_properties_imputed_all_series_log_returns.json,C:\Users\LEONA\Documents\GitHub\cocoa_volatility\paper\tables\table_statistical_properties_imputed_all_series_log_returns.json,7530
C:\Users\LEONA\Documents\GitHub\cocoa_volatility\outputs\tables\table_statistical_properties_imputed_levels.csv,C:\Users\LEONA\Documents\GitHub\cocoa_volatility\paper\tables\table_statistical_properties_imputed_levels.csv,1233
C:\Users\LEONA\Documents\GitHub\cocoa_volatility\outputs\tables\table_statistical_properties_imputed_levels.json,C:\Users\LEONA\Documents\GitHub\cocoa_volatility\paper\tables\table_statistical_properties_imputed_levels.json,2412
C:\Users\LEONA\Documents\GitHub\cocoa_volatility\outputs\tables\table_statistical_properties_imputed_log_returns.csv,C:\Users\LEONA\Documents\GitHub\cocoa_volatility\paper\tables\table_statistical_properties_imputed_log_returns.csv,1633
C:\Users\LEONA\Documents\GitHub\cocoa_volatility\outputs\tables\table_statistical_properties_imputed_log_returns.json,C:\Users\LEONA\Documents\GitHub\cocoa_volatility\paper\tables\table_statistical_properties_imputed_log_returns.json,2596
C:\Users\LEONA\Documents\GitHub\cocoa_volatility\outputs\tables\table_statistical_properties_imputed_weather_levels.csv,C:\Users\LEONA\Documents\GitHub\cocoa_volatility\paper\tables\table_statistical_properties_imputed_weather_levels.csv,1937
C:\Users\LEONA\Documents\GitHub\cocoa_volatility\outputs\tables\table_statistical_properties_imputed_weather_levels.json,C:\Users\LEONA\Documents\GitHub\cocoa_volatility\paper\tables\table_statistical_properties_imputed_weather_levels.json,3953
C:\Users\LEONA\Documents\GitHub\cocoa_volatility\outputs\tables\table_statistical_properties_imputed_weather_log_returns.csv,C:\Users\LEONA\Documents\GitHub\cocoa_volatility\paper\tables\table_statistical_properties_imputed_weather_log_returns.csv,2584
C:\Users\LEONA\Documents\GitHub\cocoa_volatility\outputs\tables\table_statistical_properties_imputed_weather_log_returns.json,C:\Users\LEONA\Documents\GitHub\cocoa_volatility\paper\tables\table_statistical_properties_imputed_weather_log_returns.json,4378
C:\Users\LEONA\Documents\GitHub\cocoa_volatility\outputs\tables\table_statistical_properties_weather_overview.csv,C:\Users\LEONA\Documents\GitHub\cocoa_volatility\paper\tables\table_statistical_properties_weather_overview.csv,6978
C:\Users\LEONA\Documents\GitHub\cocoa_volatility\outputs\tables\table_statistical_properties_weather_overview.json,C:\Users\LEONA\Documents\GitHub\cocoa_volatility\paper\tables\table_statistical_properties_weather_overview.json,14053
C:\Users\LEONA\Documents\GitHub\cocoa_volatility\outputs\tables\table_summary_statistics.csv,C:\Users\LEONA\Documents\GitHub\cocoa_volatility\paper\tables\table_summary_statistics.csv,653
C:\Users\LEONA\Documents\GitHub\cocoa_volatility\outputs\tables\table_summary_statistics.json,C:\Users\LEONA\Documents\GitHub\cocoa_volatility\paper\tables\table_summary_statistics.json,1223
C:\Users\LEONA\Documents\GitHub\cocoa_volatility\outputs\tables\table_summary_statistics_common_sample.csv,C:\Users\LEONA\Documents\GitHub\cocoa_volatility\paper\tables\table_summary_statistics_common_sample.csv,651
C:\Users\LEONA\Documents\GitHub\cocoa_volatility\outputs\tables\table_summary_statistics_common_sample.json,C:\Users\LEONA\Documents\GitHub\cocoa_volatility\paper\tables\table_summary_statistics_common_sample.json,1229
C:\Users\LEONA\Documents\GitHub\cocoa_volatility\outputs\tables\table_summary_statistics_common_window.csv,C:\Users\LEONA\Documents\GitHub\cocoa_volatility\paper\tables\table_summary_statistics_common_window.csv,622
C:\Users\LEONA\Documents\GitHub\cocoa_volatility\outputs\tables\table_summary_statistics_common_window.json,C:\Users\LEONA\Documents\GitHub\cocoa_volatility\paper\tables\table_summary_statistics_common_window.json,1213
C:\Users\LEONA\Documents\GitHub\cocoa_volatility\outputs\tables\table_summary_statistics_common_window_imputed.csv,C:\Users\LEONA\Documents\GitHub\cocoa_volatility\paper\tables\table_summary_statistics_common_window_imputed.csv,609
C:\Users\LEONA\Documents\GitHub\cocoa_volatility\outputs\tables\table_summary_statistics_common_window_imputed.json,C:\Users\LEONA\Documents\GitHub\cocoa_volatility\paper\tables\table_summary_statistics_common_window_imputed.json,1208
C:\Users\LEONA\Documents\GitHub\cocoa_volatility\outputs\tables\table_volatility_summary_imputed_all_series_log_returns.csv,C:\Users\LEONA\Documents\GitHub\cocoa_volatility\paper\tables\table_volatility_summary_imputed_all_series_log_returns.csv,3901
C:\Users\LEONA\Documents\GitHub\cocoa_volatility\outputs\tables\table_volatility_summary_imputed_all_series_log_returns.json,C:\Users\LEONA\Documents\GitHub\cocoa_volatility\paper\tables\table_volatility_summary_imputed_all_series_log_returns.json,7483
C:\Users\LEONA\Documents\GitHub\cocoa_volatility\outputs\tables\table_volatility_summary_imputed_log_returns.csv,C:\Users\LEONA\Documents\GitHub\cocoa_volatility\paper\tables\table_volatility_summary_imputed_log_returns.csv,1473
C:\Users\LEONA\Documents\GitHub\cocoa_volatility\outputs\tables\table_volatility_summary_imputed_log_returns.json,C:\Users\LEONA\Documents\GitHub\cocoa_volatility\paper\tables\table_volatility_summary_imputed_log_returns.json,2574
C:\Users\LEONA\Documents\GitHub\cocoa_volatility\outputs\tables\table_volatility_summary_imputed_weather_log_returns.csv,C:\Users\LEONA\Documents\GitHub\cocoa_volatility\paper\tables\table_volatility_summary_imputed_weather_log_returns.csv,2345
C:\Users\LEONA\Documents\GitHub\cocoa_volatility\outputs\tables\table_volatility_summary_imputed_weather_log_returns.json,C:\Users\LEONA\Documents\GitHub\cocoa_volatility\paper\tables\table_volatility_summary_imputed_weather_log_returns.json,4353
C:\Users\LEONA\Documents\GitHub\cocoa_volatility\outputs\tables\table_vulnerability_component_summary.csv,C:\Users\LEONA\Documents\GitHub\cocoa_volatility\paper\tables\table_vulnerability_component_summary.csv,1776
C:\Users\LEONA\Documents\GitHub\cocoa_volatility\outputs\tables\table_vulnerability_component_summary.json,C:\Users\LEONA\Documents\GitHub\cocoa_volatility\paper\tables\table_vulnerability_component_summary.json,2645
C:\Users\LEONA\Documents\GitHub\cocoa_volatility\outputs\tables\table_vulnerability_metrics.csv,C:\Users\LEONA\Documents\GitHub\cocoa_volatility\paper\tables\table_vulnerability_metrics.csv,10978
C:\Users\LEONA\Documents\GitHub\cocoa_volatility\outputs\tables\table_vulnerability_metrics.json,C:\Users\LEONA\Documents\GitHub\cocoa_volatility\paper\tables\table_vulnerability_metrics.json,29948
C:\Users\LEONA\Documents\GitHub\cocoa_volatility\outputs\tables\table_weather_common_window_missingness.csv,C:\Users\LEONA\Documents\GitHub\cocoa_volatility\paper\tables\table_weather_common_window_missingness.csv,228
C:\Users\LEONA\Documents\GitHub\cocoa_volatility\outputs\tables\table_weather_common_window_missingness.json,C:\Users\LEONA\Documents\GitHub\cocoa_volatility\paper\tables\table_weather_common_window_missingness.json,613
C:\Users\LEONA\Documents\GitHub\cocoa_volatility\outputs\tables\table_weather_imputation_audit.csv,C:\Users\LEONA\Documents\GitHub\cocoa_volatility\paper\tables\table_weather_imputation_audit.csv,150
C:\Users\LEONA\Documents\GitHub\cocoa_volatility\outputs\tables\table_weather_imputation_audit.json,C:\Users\LEONA\Documents\GitHub\cocoa_volatility\paper\tables\table_weather_imputation_audit.json,222
C:\Users\LEONA\Documents\GitHub\cocoa_volatility\outputs\tables\table_weather_imputation_reference_correlations.csv,C:\Users\LEONA\Documents\GitHub\cocoa_volatility\paper\tables\table_weather_imputation_reference_correlations.csv,1231
C:\Users\LEONA\Documents\GitHub\cocoa_volatility\outputs\tables\table_weather_imputation_reference_correlations.json,C:\Users\LEONA\Documents\GitHub\cocoa_volatility\paper\tables\table_weather_imputation_reference_correlations.json,2652
C:\Users\LEONA\Documents\GitHub\cocoa_volatility\outputs\tables\table_weather_variable_selection.csv,C:\Users\LEONA\Documents\GitHub\cocoa_volatility\paper\tables\table_weather_variable_selection.csv,373
C:\Users\LEONA\Documents\GitHub\cocoa_volatility\outputs\tables\table_weather_variable_selection.json,C:\Users\LEONA\Documents\GitHub\cocoa_volatility\paper\tables\table_weather_variable_selection.json,565
C:\Users\LEONA\Documents\GitHub\cocoa_volatility\outputs\tables\table_weather_vs_core_model_comparison.csv,C:\Users\LEONA\Documents\GitHub\cocoa_volatility\paper\tables\table_weather_vs_core_model_comparison.csv,391
C:\Users\LEONA\Documents\GitHub\cocoa_volatility\outputs\tables\table_weather_vs_core_model_comparison.json,C:\Users\LEONA\Documents\GitHub\cocoa_volatility\paper\tables\table_weather_vs_core_model_comparison.json,577
C:\Users\LEONA\Documents\GitHub\cocoa_volatility\outputs\tables\table_weather_vulnerability_coefficients.csv,C:\Users\LEONA\Documents\GitHub\cocoa_volatility\paper\tables\table_weather_vulnerability_coefficients.csv,4756
C:\Users\LEONA\Documents\GitHub\cocoa_volatility\outputs\tables\table_weather_vulnerability_coefficients.json,C:\Users\LEONA\Documents\GitHub\cocoa_volatility\paper\tables\table_weather_vulnerability_coefficients.json,7678
C:\Users\LEONA\Documents\GitHub\cocoa_volatility\outputs\tables\table_weather_vulnerability_model_fit.csv,C:\Users\LEONA\Documents\GitHub\cocoa_volatility\paper\tables\table_weather_vulnerability_model_fit.csv,734
C:\Users\LEONA\Documents\GitHub\cocoa_volatility\outputs\tables\table_weather_vulnerability_model_fit.json,C:\Users\LEONA\Documents\GitHub\cocoa_volatility\paper\tables\table_weather_vulnerability_model_fit.json,1054
C:\Users\LEONA\Documents\GitHub\cocoa_volatility\outputs\tables\table_weather_vulnerability_volatility_coefficients.csv,C:\Users\LEONA\Documents\GitHub\cocoa_volatility\paper\tables\table_weather_vulnerability_volatility_coefficients.csv,1509
C:\Users\LEONA\Documents\GitHub\cocoa_volatility\outputs\tables\table_weather_vulnerability_volatility_coefficients.json,C:\Users\LEONA\Documents\GitHub\cocoa_volatility\paper\tables\table_weather_vulnerability_volatility_coefficients.json,2248
C:\Users\LEONA\Documents\GitHub\cocoa_volatility\outputs\tables\table_weather_vulnerability_volatility_fit.csv,C:\Users\LEONA\Documents\GitHub\cocoa_volatility\paper\tables\table_weather_vulnerability_volatility_fit.csv,437
C:\Users\LEONA\Documents\GitHub\cocoa_volatility\outputs\tables\table_weather_vulnerability_volatility_fit.json,C:\Users\LEONA\Documents\GitHub\cocoa_volatility\paper\tables\table_weather_vulnerability_volatility_fit.json,539
